Timestamp,Reviewer's Name,Basin,Scenario ,"Which action plan or ""bin""? ",Which Assessment Unit led to the result? ,HUC12 ID?,Are there any major point sources in the Assessment Unit?,Additional comments,Approved TMDL in HUC? ,Parameters in TMDL,Is there an active watershed group for this HUC?,Are water quality concerns in this HUC a priority for local stakeholders?
1/8/2024 10:27:40,Amy ,Cedar Beaver,1A: Human Health,Watershed Plan/NPS Priority Area,"UT16030007-002_00
",160300070211,N,"Beaver River and tribs from Minersville to USFS Bdry. Current TU NPS work here. 
",Y,"Total Phosphorus, noxious aquatic plants, riparian habitat alteration",N,Y
1/10/2024 14:58:59,Paul Burnett,Weber,1A: Human Health,Watershed Plan/NPS Priority Area,UT16020101-011_00,160201010305,No,"The Echo Rockport TMDL indicated that this watershed had an outsized importance on the water quality of Echo Reservoir. A lot of NPS work has been completed, but there is still need for additional work. ",,,,
1/10/2024 15:01:29,Paul Burnett,Weber,1A: Human Health,Watershed Plan/NPS Priority Area,UT16020101-013_00,160201010303,No,"This is a highly agricultural AU with extensive livestock grazing. The Echo Rockport TMDL identified it as an outsized source of nutrients into Echo Reservoir. Some NPS work has been completed in the watershed, and there are many additional opportunities.  ",,,,
1/10/2024 15:06:30,Paul Burnett,Weber,1A: Human Health,Watershed Plan/NPS Priority Area,UT16020102-026_01,160201020103,No,"Mostly undeveloped area, much of which is in the process of being purchased by summit county. There is extensive floodplain and stream restoration opportunity along the creek. Restoration work partially addresses the issues in the watershed, but doesn't address hydromodification in the headwaters. ",,,,
1/10/2024 15:14:57,Paul Burnett,Weber,1B: Human Health,TMDL,UT16020102-006_00,160201020304,No,Major development in this HUC threatens water quality. Hydromodification is a huge challenge. ,,,,
1/10/2024 15:15:45,Paul Burnett,Weber,1B: Human Health,Watershed Plan/NPS Priority Area,UT16020101-013_00,160201010303,No,,,,,
1/10/2024 15:21:35,Paul Burnett,Weber,1B: Human Health,Watershed Plan/NPS Priority Area,UT16020101-011_00,160201010305,No,,,,,
1/10/2024 15:27:34,Paul Burnett,Weber,1C: Human Health,Watershed Plan/NPS Priority Area,UT16020101-010_00,160201010307,No,,,,,
1/10/2024 15:28:30,Paul Burnett,Weber,1C: Human Health,Watershed Plan/NPS Priority Area,UT16020101-012_00,160201010307,No,,,,,
1/11/2024 7:10:58,Paul Burnett,Weber,1D: Human Health,TMDL,UT16020102-010_00,160201020305,No,Cluster of watersheds around Pineview Reservoir.,,,,
1/11/2024 7:11:56,Paul Burnett,Weber,1D: Human Health,TMDL,UT16020102-006_00,160201020304,No,,,,,
1/11/2024 7:12:41,Paul Burnett,Weber,1D: Human Health,TMDL,UT16020102-009_00,160201020303,No,,,,,
1/11/2024 7:14:08,Paul Burnett,Weber,1D: Human Health,TMDL,UT16020102-010_00,160201020205,No,,,,,
1/11/2024 7:20:54,Paul Burnett,Weber,1E: Human Health,TMDL,UT16020102-006_00,160201020305,No,,,,,
1/11/2024 7:22:03,Paul Burnett,Weber,1E: Human Health,TMDL,UT16020102-006_00,160201020303,No,,,,,
1/11/2024 7:22:53,Paul Burnett,Weber,1E: Human Health,TMDL,UT16020102-006_00,160201020205,No,,,,,
1/11/2024 7:24:51,Paul Burnett,Weber,1E: Human Health,TMDL,UT16020102-009_00,160201020301,No,Cluster of watersheds around Pineview Reservoir,,,,
1/11/2024 7:28:27,Paul Burnett,Weber,2A: Climate Change,Watershed Plan/NPS Priority Area,UT16020102-010_00,160201020205,No,"Two watersheds in the Pineview area lit up under this scenario. I placed them in the NPS bin, because any actions to reduce the impacts of climate change on temperature would likely include some combination of instream flows and restoration. ",,,,
1/11/2024 7:29:28,Paul Burnett,Weber,2A: Climate Change,Watershed Plan/NPS Priority Area,UT16020102-010_00,160201020305,No,,,,,
1/11/2024 7:31:10,Paul Burnett,Weber,2A: Climate Change,Watershed Plan/NPS Priority Area,UT16020102-009_00,160201020303,No,"This watershed was in the lower left quadrant, but I'm including it to cluster with the remaining Pineview watersheds. ",,,,
1/11/2024 7:32:40,Paul Burnett,Weber,2A: Climate Change,Watershed Plan/NPS Priority Area,UT16020102-006_00,160201020304,No,"This watershed was in the lower left quadrant, but I'm including it to cluster with the remaining Pineview watersheds. ",,,,
1/11/2024 7:37:57,Paul Burnett,Weber,2B: Climate Change,Protection,UT16020102-023_00,160201020105,No,"Hardscrabble Creek lights up as a watershed to protect in other analyses due to its general remoteness, and support for native fisheries. This would be a good watershed to focus protection efforts on. Activities such as land conservation and habitat reconnection would be appropriate projects. ",,,,
1/11/2024 8:03:21,Paul Burnett,Weber,2B: Climate Change,Watershed Plan/NPS Priority Area,UT16020102-025_00,160201020104,No,The watersheds around East Canyon Reservoir were all highlighted under this scenario. Biasing towards high ecological value grouping them together in a watershed planning area would potentially make sense. ,,,,
1/11/2024 8:04:00,Paul Burnett,Weber,2B: Climate Change,Watershed Plan/NPS Priority Area,UT16020102-026_01,160201020104,No,,,,,
1/11/2024 8:11:36,Paul Burnett,Weber,2B: Climate Change,Watershed Plan/NPS Priority Area,UT16020102-026_01,160201020103,Yes,,,,,
1/11/2024 8:13:23,Paul Burnett,Weber,2B: Climate Change,Watershed Plan/NPS Priority Area,UT16020102-026_03,160201020102,No,,,,,
1/11/2024 8:19:23,Paul Burnett,Weber,2B: Climate Change,Watershed Plan/NPS Priority Area,UT16020102-026_03,160201020102,No,,,,,
1/11/2024 8:22:49,Paul Burnett,Weber,2B: Climate Change,Watershed Plan/NPS Priority Area,UT16020102-026_01,160201020102,No,,,,,
1/11/2024 8:23:31,Paul Burnett,Weber,2B: Climate Change,Watershed Plan/NPS Priority Area,UT16020102-026_02,160201020102,No,,,,,
1/11/2024 8:24:11,Paul Burnett,Weber,2B: Climate Change,Watershed Plan/NPS Priority Area,UT16020102-026_04,160201020102,No,,,,,
1/11/2024 8:31:04,Paul Burnett,Weber,2C: Climate Change,Watershed Plan/NPS Priority Area,UT16020102-026_01,160201020103,Yes,Looking heavily at ecological index with this scenario. ,,,,
1/11/2024 8:32:59,Paul Burnett,Weber,2C: Climate Change,Watershed Plan/NPS Priority Area,UT16020101-010_00,160201010307,Yes,Lower Chalk Creek has been significantly altered by hydromodification. ,,,,
1/11/2024 8:33:34,Paul Burnett,Weber,2C: Climate Change,Watershed Plan/NPS Priority Area,UT16020101-012_00,160201010307,No,,,,,
1/11/2024 8:46:59,Paul Burnett,Weber,2D: Climate Change,Watershed Plan/NPS Priority Area,UT16020102-026_01,160201020103,Yes,Focusing mostly on ecological index. Both watersheds in East Canyon Creek pop out. ,,,,
1/11/2024 8:47:46,Paul Burnett,Weber,2D: Climate Change,Watershed Plan/NPS Priority Area,UT16020102-026_01,160201020104,No,,,,,
1/11/2024 8:48:24,Paul Burnett,Weber,2D: Climate Change,Watershed Plan/NPS Priority Area,UT16020102-025_00,160201020104,No,,,,,
1/11/2024 8:49:21,Paul Burnett,Weber,2D: Climate Change,Protection,UT16020102-023_00,160201020105,No,,,,,
1/11/2024 10:28:36,Paul Burnett,Weber,3A: Aquatic Life,Watershed Plan/NPS Priority Area,UT16020102-026_01,160201020103,Yes,,,,,
1/11/2024 12:07:53,Paul Burnett,Weber,3A: Aquatic Life,Watershed Plan/NPS Priority Area,UT16020102-026_01,160201020104,No,,,,,
1/11/2024 12:09:08,Paul Burnett,Weber,3A: Aquatic Life,Watershed Plan/NPS Priority Area,UT16020102-025_00,160201020104,No,,,,,
1/11/2024 12:10:56,Paul Burnett,Weber,3A: Aquatic Life,Watershed Plan/NPS Priority Area,UT16020101-030_00,160201010101,No,,,,,
1/11/2024 12:39:51,Paul Burnett,Weber,4B: Environmental Justice,TMDL,UT16020102-023_00,160201020105,No,,,,,
1/11/2024 12:44:05,Paul Burnett,Weber,4B: Environmental Justice,Protection,UT16020102-055_00,160201020402,No,,,,,
1/11/2024 12:45:51,Paul Burnett,Weber,4B: Environmental Justice,Watershed Plan/NPS Priority Area,UT16020102-026_01,160201020104,No,,,,,
1/11/2024 12:47:13,Paul Burnett,Weber,4B: Environmental Justice,TMDL,UT16020102-010_00,160201020205,No,,,,,
1/11/2024 12:49:28,Paul Burnett,Weber,6A: Watershed Protection,Protection,UT16020102-006_00,160201020302,No,,,,,
1/11/2024 12:51:59,Paul Burnett,Weber,6A: Watershed Protection,Protection,UT16020102-008_00,160201020306,No,"Pristine watershed, but water development risks threaten long-term water quality. ",,,,
1/11/2024 12:53:41,Paul Burnett,Weber,6A: Watershed Protection,Protection,UT16020102-018_00,160201020404,No,"High quality watershed, but water development threatens long-term water quality. ",,,,
1/11/2024 12:54:30,Paul Burnett,Weber,6A: Watershed Protection,Protection,UT16020101-001_00,160201010605,No,,,,,
1/11/2024 12:55:56,Paul Burnett,Weber,6B: Watershed Protection,Protection,UT16020101-001_00,160201010605,No,,,,,
1/11/2024 12:56:49,Paul Burnett,Weber,6B: Watershed Protection,Protection,UT16020102-055_00,160201020402,No,,,,,
1/11/2024 13:02:22,Paul Burnett,Weber,6B: Watershed Protection,Protection,UT16020102-017_02,160201020406,No,,,,,
1/11/2024 13:04:02,Paul Burnett,Weber,6B: Watershed Protection,Protection,UT16020102-006_00,160201020302,No,,,,,
1/11/2024 13:08:58,Paul Burnett,Weber,6C: Watershed Protection,Watershed Plan/NPS Priority Area,UT16020101-001_00,160201010605,No,,,,,
1/11/2024 13:10:37,Paul Burnett,Weber,6C: Watershed Protection,Watershed Plan/NPS Priority Area,UT16020102-012_00,160201020201,No,,,,,
1/11/2024 13:25:19,Paul Burnett,Weber,6D: Watershed Protection,Protection,UT16020102-017_02,160201020406,No,,,,,
1/11/2024 13:27:43,Paul Burnett,Weber,6D: Watershed Protection,Protection,UT16020102-055_00,160201020402,No,,,,,
3/28/2024,Christine Osborne,Weber,7A: Agriculture and TDS,Watershed Plan/NPS Priority Area,UT16020101-007_00,160201010505,N,Lower Echo Creek (watershed plan in place),,,,
3/28/2024,Christine Osborne,Weber,7A: Agriculture and TDS,Watershed Plan/NPS Priority Area,UT16020101-007_00,160201010502,N,Upper Echo Creek (watershed plan in place),,,,
3/28/2024,Christine Osborne,Weber,7A: Agriculture and TDS,Watershed Plan/NPS Priority Area,UT16020101-007_00,160201010503,N,Heiners Creek (watershed plan in place),,,,
3/28/2024,Christine Osborne,Weber,7A: Agriculture and TDS,Watershed Plan/NPS Priority Area,UT16020101-007_00,160201010501,N,Rees Creek (watershed plan in place),,,,
3/28/2024,Christine Osborne,Weber,7A: Agriculture and TDS,Watershed Plan/NPS Priority Area,UT16020101-007_00,160201010504,N,Middle Echo Creek (watershed plan in place),,,,
3/28/2024,Christine Osborne,Weber,7A: Agriculture and TDS,Watershed Plan/NPS Priority Area,UT16020102-026_01,160201020102,Y,Toll Canyon-East Canyon Creek,,,,
1/9/2024,Amy Dickey,Cedar Beaver,1A: Human Health,Watershed Plan/NPS Priority Area,UT16030006-002_00,160300061403,N ,Pinto Creek AU. Associated with the Newcastle Reservoir TMDL. Previous NPS work here. ,Y,"DO, TP in reservoir",N,Unknown
1/9/2024,Amy Dickey,Cedar Beaver,1A: Human Health,Watershed Plan/NPS Priority Area,UT16030007-003_00,160300070204,N ,East Fk Iant Creek-Beaver River 3,Y,"Total Phosphorus, noxious aquatic plants, riparian habitat alteration",N,Unknown
1/9/2024,Amy Dickey,Cedar Beaver,1A: Human Health,Watershed Plan/NPS Priority Area,UT16030006-007_00,160300060109,N ,"Red Creek for E. coli. Reservoir also listed, but watershed study completed by USFS",N,NA,N,Unknown
1/9/2024,Amy Dickey,Cedar Beaver,1B: Human Health,Watershed Plan/NPS Priority Area,"UT16030007-002_00
",160300070211,N ,"Beaver River and tribs from Minersville to USFS Bdry. Current TU NPS work here. 
",Y,"Total Phosphorus, noxious aquatic plants, riparian habitat alteration",N,Unknown
1/9/2024,Amy Dickey,Cedar Beaver,1B: Human Health,Watershed Plan/NPS Priority Area,UT16030006-007_00,160300060109,N ,"Red Creek for E. coli. Reservoir listed for temp, TP, pH and DO, but watershed study completed by USFS",N,NA,N,Unknown
1/9/2024,Amy Dickey,Cedar Beaver,1B: Human Health,Watershed Plan/NPS Priority Area,UT-L-16030006-008_00,160300061407,N ,Newcastle Reservoir,Y,"DO, TP",N,Unknown
1/9/2024,Amy Dickey,Cedar Beaver,1C: Human Health,Watershed Plan/NPS Priority Area,"UT16030007-002_00
",160300070211,N ,"Beaver River and tribs from Minersville to USFS Bdry. Current TU NPS work here. 
",Y,"Total Phosphorus, noxious aquatic plants, riparian habitat alteration",N,Unknown
1/9/2024,Amy Dickey,Cedar Beaver,1C: Human Health,Watershed Plan/NPS Priority Area,UT16030006-002_00,160300061403,N ,Pinto Creek AU. Associated with the Newcastle Reservoir TMDL. Previous NPS work here. ,Y,"DO, TP in reservoir",N,Unknown
1/9/2024,Amy Dickey,Cedar Beaver,1C: Human Health,Watershed Plan/NPS Priority Area,UT-L-16030006-008_00,160300061407,N ,Newcastle Reservoir,Y,"DO, TP",N,Unknown
1/9/2024,Amy Dickey,Cedar Beaver,1D: Human Health,Watershed Plan/NPS Priority Area,"UT16030007-002_00
",160300070211,N ,"Beaver River and tribs from Minersville to USFS Bdry. Current TU NPS work here. 
",Y,"Total Phosphorus, noxious aquatic plants, riparian habitat alteration",N,Unknown
1/9/2024,Amy Dickey,Cedar Beaver,1D: Human Health,Watershed Plan/NPS Priority Area,UT16030006-006_00,160300061303,N ,Shoal Creek. High ecological score. Not very familiar with it. ,N,NA,N,Unknown
1/9/2024,Amy Dickey,Cedar Beaver,1E: Human Health,Watershed Plan/NPS Priority Area,"UT16030007-002_00
",160300070211,N ,"Beaver River and tribs from Minersville to USFS Bdry. Current TU NPS work here. 
",Y,"Total Phosphorus, noxious aquatic plants, riparian habitat alteration",N,Unknown
1/9/2024,Amy Dickey,Cedar Beaver,1E: Human Health,Watershed Plan/NPS Priority Area,UT16030006-006_00,160300061306,N ,Lower Shoal Creek. High ecological score. Not very familiar with it. ,N,NA,N,Unknown
1/9/2024,Amy Dickey,Cedar Beaver,1E: Human Health,Watershed Plan/NPS Priority Area,UT16030006-006_00,160300061307,N ,Newcastle  ,Y,"DO, TP",N,Unknown
1/9/2024,Amy Dickey,Cedar Beaver,2A: Climate Change,Watershed Plan/NPS Priority Area,UT16030007-002_00,160300070209,N ,Beaver River-2. Several HUCs fall in this AU for this scenario.,Y,"Total Phosphorus, noxious aquatic plants, riparian habitat alteration",N,Unknown
1/9/2024,Amy Dickey,Cedar Beaver,2A: Climate Change,Watershed Plan/NPS Priority Area,UT16030007-003_00,160300070204,N ,Beaver River-2. Several HUCs fall in this AU for this scenario.,Y,"Total Phosphorus, noxious aquatic plants, riparian habitat alteration",,Unknown
1/9/2024,Amy Dickey,Cedar Beaver,2A: Climate Change,Watershed Plan/NPS Priority Area,UT-L-16030007-011_00,160300070402,N ,Minersville Reservoir,Y,"TP, DO, temp",N,Unknown
1/9/2024,Amy Dickey,Cedar Beaver,2B: Climate Change,Watershed Plan/NPS Priority Area,UT16030007-003_00,160300070204,N ,East Fk Iant Creek - Beaver River-3,Y,"Total Phosphorus, noxious aquatic plants, riparian habitat alteration",N,Unknown
1/9/2024,Amy Dickey,Cedar Beaver,2B: Climate Change,Watershed Plan/NPS Priority Area,UT16030007-003_00,160300070205,N ,Big Twist Ck-South Ck in Beaver River-3,Y,"Total Phosphorus, noxious aquatic plants, riparian habitat alteration",N,Unknown
1/9/2024,Amy Dickey,Cedar Beaver,2C: Climate Change,Watershed Plan/NPS Priority Area,UT16030007-002_00,160300070211,N ,Dry Creek-Beaver River-2,Y,"Total Phosphorus, noxious aquatic plants, riparian habitat alteration",N,Unknown
1/9/2024,Amy Dickey,Cedar Beaver,2C: Climate Change,Watershed Plan/NPS Priority Area,UT16030006-006_00,160300061306,N ,Lower Shoal Creek ,N,NA,N,Unknown
1/9/2024,Amy Dickey,Cedar Beaver,2D: Climate Change,Watershed Plan/NPS Priority Area,UT16030007-003_00,160300070204,N ,East Fk Iant Creek - Beaver River-3,Y,"Total Phosphorus, noxious aquatic plants, riparian habitat alteration",N,Unknown
1/9/2024,Amy Dickey,Cedar Beaver,2D: Climate Change,Watershed Plan/NPS Priority Area,UT16030007-003_00,160300070205,N ,Big Twist Ck-South Ck in Beaver River-3,Y,"Total Phosphorus, noxious aquatic plants, riparian habitat alteration",N,Unknown
1/9/2024,Amy Dickey,Cedar Beaver,3A: Aquatic LIfe,Watershed Plan/NPS Priority Area,UT16030006-002_00,160300061403,N ,Pinto Creek AU. Associated with the Newcastle Reservoir TMDL. Previous NPS work here. ,Y,"DO, TP in reservoir",N,Unknown
1/9/2024,Amy Dickey,Cedar Beaver,3A: Aquatic LIfe,Watershed Plan/NPS Priority Area,UT16030007-003_00,160300070204,N ,East Fk Iant Creek - Beaver River-3,Y,"Total Phosphorus, noxious aquatic plants, riparian habitat alteration",N,Unknown
1/9/2024,Amy Dickey,Cedar Beaver,4A: Environmental Justice,None. No resulting HUCs for this scenario,,,,,,,,
1/9/2024,Amy Dickey,Cedar Beaver,4B: Environmental Justice,Watershed Plan/NPS Priority Area,UT16030007-002_00,160300070211,N ,Dry Creek-Beaver River-2,Y,"Total Phosphorus, noxious aquatic plants, riparian habitat alteration",N,Unknown
1/9/2024,Amy Dickey,Cedar Beaver,4B: Environmental Justice,Watershed Plan/NPS Priority Area,UT16030006-002_00,160300061403,N ,Pinto Creek AU. Associated with the Newcastle Reservoir TMDL. Previous NPS work here. ,Y,"DO, TP in reservoir",N,Unknown
1/9/2024,Amy Dickey,Cedar Beaver,5A: Tribal Considerations,None. No resulting HUCs for this scenario,,,,,,,,
1/9/2024,Amy Dickey,Cedar Beaver,5B: Tribal Considerations,None. No resulting HUCs for this scenario,,,,,,,,
1/9/2024,Amy Dickey,Cedar Beaver,6A: Watershed Protection,Protection,UT-L-16020304-002_00,160300060310,N ,Rush Lake. Near Parowan,N,NA,N,Unknown
1/9/2024,Amy Dickey,Cedar Beaver,6B: Watershed Protection,Protection,UT16030006-003_00,160300060204,N ,Summit Creek near Parowan,N,NA,N,Unknown
1/9/2024,Amy Dickey,Cedar Beaver,6B: Watershed Protection,Protection,UT16030006-004_00,160300060202,N ,Parowan Creek,N,NA,N,Unknown
1/9/2024,Amy Dickey,Cedar Beaver,6C: Watershed Protection,Protection,NA,160300060106,N ,Kane Spring Wash near Parowan,N,NA,N,Unknown
1/9/2024,Amy Dickey,Cedar Beaver,6D: Watershed Protection,Protection,NA,160300060106,N ,Kane Spring Wash near Parowan,N,NA,N,Unknown
1/9/2024,Amy Dickey,Cedar Beaver,6C: Watershed ProtectionD,Protection,UT-L-16020304-002_00,160300060310,N ,Rush Lake. Near Parowan,N,NA,N,Unknown
1/15/2024,Amy Dickey,Kanab/Virgin,1A: Human Health,Watershed Plan/NPS Priority Area,UT15010008-003_00,150100080704,N ,Baker Dam Reservoir. Already has a TMDL from 2004. Needs implementation focus. ,Y,"TP, DO, temp",N,Unknown
1/15/2024,Amy Dickey,Kanab/Virgin,1B: Human Health,Watershed Plan/NPS Priority Area,UT15010008-003_00,150100080703,N ,Mahogany Creek - Santa Clara. Headwaters in Santa Clara-3,,,,
1/15/2024,Amy Dickey,Kanab/Virgin,1B: Human Health,Watershed Plan/NPS Priority Area,UT15010008-003_00,150100080704,N ,Baker Dam Reservoir. Already has a TMDL from 2004. Needs implementation focus. ,Y,"TP, DO, temp",N,Unknown
1/15/2024,Amy Dickey,Kanab/Virgin,1C: Human Health,Watershed Plan/NPS Priority Area,UT15010008-013_00,150100080104,N ,North Fork Virgin River-2. Ecoli TMDL in place. Benthic HABs seasonally,Y,E. coli,N,Y
1/15/2024,Amy Dickey,Kanab/Virgin,1C: Human Health,Watershed Plan/NPS Priority Area,UT15010008-013_00,150100080103,N ,North Fork Virgin River-2. Ecoli TMDL in place. Benthic HABs seasonally,Y,E. coli ,N,Y
1/15/2024,Amy Dickey,Kanab/Virgin,1D: Human Health,Watershed Plan/NPS Priority Area,UT15010008-013_00,150100080104,N ,North Fork Virgin River-2. Ecoli TMDL in place. Benthic HABs seasonally,Y,E. coli,N,Y
1/15/2024,Amy Dickey,Kanab/Virgin,1D: Human Health,Watershed Plan/NPS Priority Area,UT15010008-013_00,150100080103,N ,North Fork Virgin River-2. Ecoli TMDL in place. Benthic HABs seasonally,Y,E. coli ,N,Y
1/15/2024,Amy Dickey,Kanab/Virgin,1E: Human Health,TMDL,UT15010008-004_00,150100080910,Y,"Virgin River-2. Cat 5 for boron, TDS and temp",Y,TDS,N,Unknown
1/15/2024,Amy Dickey,Kanab/Virgin,1E: Human Health,Watershed Plan/NPS Priority Area,UT15010008-001_00,150100080807,N ,Santa Clara-1. Snow Canyon HUC. ,Y,TDS,N,Unknown
1/15/2024,Amy Dickey,Kanab/Virgin,2A: Climate Change,Watershed Plan/NPS Priority Area,UT15010008-001_00,150100080807,N ,Santa Clara-1. Snow Canyon HUC. ,Y,TDS,N,Unknown
1/15/2024,Amy Dickey,Kanab/Virgin,2A: Climate Change,Watershed Plan/NPS Priority Area,UT15010008-002_00,150100080601,N ,Santa Clara-2. Magotsu Creek HUC,Y,TDS,N,Unknown
1/15/2024,Amy Dickey,Kanab/Virgin,2B: Climate Change,Watershed Plan/NPS Priority Area,UT15010008-013_00,150100080103,N ,North Fork Virgin River-2. Upper North Fork Virgin River HUC,Y,E. coli ,N,Y
1/15/2024,Amy Dickey,Kanab/Virgin,2B: Climate Change,Watershed Plan/NPS Priority Area,UT15010008-015_00,150100080109,Y,North Fork Virgin River-1. Lower North Fork Virgin River HUC,Y,E. coli ,N,Y
1/15/2024,Amy Dickey,Kanab/Virgin,2C: Climate Change,Watershed Plan/NPS Priority Area,UT15010008-003_00,150100080703,N ,Mahogany Creek - Santa Clara. Headwaters in Santa Clara-3,Y,TDS,N,Unknown
1/15/2024,Amy Dickey,Kanab/Virgin,2C: Climate Change,Watershed Plan/NPS Priority Area,UT15010008-011_00,150100080508,N ,Chinatown Wash-Virgin River HUC. Virgin River-2 and 3 AU,Y,TDS,N,Unknown
1/15/2024,Amy Dickey,Kanab/Virgin,2D: Climate Change,Watershed Plan/NPS Priority Area,UT15010008-015_00,150100080109,Y,North Fork Virgin River-1. Lower North Fork Virgin River HUC,Y,E. coli ,N,Y
1/15/2024,Amy Dickey,Kanab/Virgin,2D: Climate Change,Watershed Plan/NPS Priority Area,UT15010008-001_00,150100080807,N ,Santa Clara-1. Snow Canyon HUC. ,Y,TDS,N,Unknown
1/15/2024,Amy Dickey,Kanab/Virgin,3A: Aquatic Life,TMDL,UT15010008-004_00,150100080508,Y,Chinatown Wash-Virgin River HUC. Virgin River-2 and 3 AU,Y,TDS,N,Unknown
1/15/2024,Amy Dickey,Kanab/Virgin,3A: Aquatic Life,Watershed Plan/NPS Priority Area,UT15010008-001_00,150100080807,,Santa Clara-1. Snow Canyon HUC. ,Y,TDS,N,Unknown
1/15/2024,Amy Dickey,Kanab/Virgin,4A: Environmental Justice,None. No resulting HUCs for this scenario,,,,,,,,
1/15/2024,Amy Dickey,Kanab/Virgin,4B: Environmental Justice,TMDL,UT15010008-004_00,150100080910,Y,Middleton Wash-Virgin River HUC. Virgin River 2 AU,Y,TDS,N,Unknown
1/15/2024,Amy Dickey,Kanab/Virgin,4B: Environmental Justice,Watershed Plan/NPS Priority Area,UT15010008-001_00,150100080807,N,Santa Clara-1. Snow Canyon HUC. ,Y,TDS,N,Unknown
1/15/2024,Amy Dickey,Kanab/Virgin,5A: Tribal Considerations,Watershed Plan/NPS Priority Area,UT15010008-001_00,150100080808,N,Santa Clara-1. 3 HUCs for tribal for this scenario. All in Santa Clara-1 ,Y,TDS,N,Unknown
1/15/2024,Amy Dickey,Kanab/Virgin,5B: Tribal Considerations,Watershed Plan/NPS Priority Area,UT15010008-001_00,150100080808,N,Santa Clara-1. HUC called Wittwer Canyon-Santa Clara River,Y,TDS,N,Unknown
1/15/2024,Amy Dickey,Kanab/Virgin,6A: Protection,Watershed Plan/NPS Priority Area,UT15010010-002_00,150100100206,N,Burgess Wash-Beaver Dam Wash. 3 Beaver Dam Wash HUCs in protection Q1,N,,N,Unknown
1/15/2024,Amy Dickey,Kanab/Virgin,6B: Protection,Watershed Plan/NPS Priority Area,UT15010008-018_00,150100080210,N,Poverty Wash-East Fork Virgin River. East Fork Virgin River-1 ,N,,N,Unknown
1/15/2024,Amy Dickey,Kanab/Virgin,6C: Protection,Watershed Plan/NPS Priority Area,UT15010008-016_00,150100080106,N,Kolob Creek. ,N,,N,Unknown
1/15/2024,Amy Dickey,Kanab/Virgin,6D: Protection,Watershed Plan/NPS Priority Area,UT15010008-018_00,150100080210,N,Poverty Wash-East Fork Virgin River. East Fork Virgin River-1 ,N,,N,Unknown
1/16/2024,Amy Dickey,W Colorado River,1A: Human Health,Watershed Plan/NPS Priority Area,UT14070003-005_00,140700030110,N,2 HUCs in Fremont River-2. ,Y,"DO, TP, E. coli ",N,Unknown
1/16/2024,Amy Dickey,W Colorado River,1A: Human Health,Watershed Plan/NPS Priority Area,UT14060007-003_00,140600070206,N,Scofield Reservoir-Price River,Y,"DO, TP",N,Yes
1/16/2024,Amy Dickey,W Colorado River,1A: Human Health,Watershed Plan/NPS Priority Area,UT14060007-002_00,140600070203,N,Scofield Tributaries,Y,"DO, TP",N,Yes
1/16/2024,Amy Dickey,W Colorado River,1B: Human Health,Watershed Plan/NPS Priority Area,UT14060007-001_00,140600070103,N,White River-Colton,N,,N,Unknown
1/16/2024,Amy Dickey,W Colorado River,1B: Human Health,Watershed Plan/NPS Priority Area,UT-L-14060007-005_00,140600070206,N,Scofield Reservoir ,Y,"DO, TP",N,Yes
1/16/2024,Amy Dickey,W Colorado River,1D: Human Health,Watershed Plan/NPS Priority Area,UT14070003-008_00,140700030309,N,Lower Deep Creek HUC. In Fremont River-3 AU,Y,"DO, TP, E. coli ",N,Yes
1/16/2024,Amy Dickey,W Colorado River,1D: Human Health,Watershed Plan/NPS Priority Area,UT14070003-005_00,140700030110,N,Elias Wells Hollow. In Fremont River-2 AU,Y,"DO, TP, E. coli ",N,Yes
1/16/2024,Amy Dickey,W Colorado River,1E: Human Health,TMDL,UT14060007-007_00,UT14060007-007_00,Y,Cardinal Wash-Price River HUC. In Price River-3 AU,Y,TDS,N,Unknown
1/16/2024,Amy Dickey,W Colorado River,1E: Human Health,Watershed Plan/NPS Priority Area,UT14060007-001_00,140600070103,N,Tabbyune Creek-White River,N,,N,Unknown
1/16/2024,Amy Dickey,W Colorado River,2A: Climate Change,Watershed Plan/NPS Priority Area,UT14070002-008_00,140700020105,N,Ivie Creek,Y,TDS,N,Unknown
1/16/2024,Amy Dickey,W Colorado River,2A: Climate Change,Watershed Plan/NPS Priority Area,UT14070003-008_00,140700030308,N,Upper Deep Creek. In Fremont River-3,Y,"DO, TP, E. coli ",N,Yes
1/16/2024,Amy Dickey,W Colorado River,2B: Climate Change,Watershed Plan/NPS Priority Area,UT14060009-003_01,140600090102,N,Right Fork Huntington Creek HUC. ,Y,TDS,N,Unknown
1/16/2024,Amy Dickey,W Colorado River,2B: Climate Change,Watershed Plan/NPS Priority Area,UT14060009-003_01,140600090103,N,Miller Fork Canyon. Huntington Creek-3 AU,Y,TDS,N,Unknown
1/16/2024,Amy Dickey,W Colorado River,2C: Climate Change,Watershed Plan/NPS Priority Area,UT14070003-008_00,140700030304,N,Sulphur Creek in Fremont River-3 AU,Y,TDS,N,Yes
1/16/2024,Amy Dickey,W Colorado River,2C: Climate Change,TMDL,UT14070002-002_00,140700020103,Y,Convulsion Canyon. Quitchupah Creek Upper,Y,TDS,N,Unknown
1/16/2024,Amy Dickey,W Colorado River,2D: Climate Change,Watershed Plan/NPS Priority Area,UT-L-14060007-005_00,140600070206,N,Scofield Reservoir ,Y,"DO, TP ",N,Yes
1/16/2024,Amy Dickey,W Colorado River,2D: Climate Change,Watershed Plan/NPS Priority Area,UT14060007-002_00,140600070201,N,Gooseberry Creek HUC. Scofield Tributaries AU,Y,"DO, TP",N,Yes
1/16/2024,Amy Dickey,W Colorado River,3A: Aquatic Life,Watershed Plan/NPS Priority Area,UT14070003-008_00,140700030301,N,Fremont River-3 AU. Multiple large bubble HUCs in this AU,Y,"DO, TP",N,Unknown
1/17/2024,Amy Dickey,W Colorado River,3A: Aquatic Life,Watershed Plan/NPS Priority Area,UT14060007-003_00,140600070206,N,Price River-1 Scofield Reservoir,Y,"DO, TP",N,Yes
1/17/2024,Amy Dickey,W Colorado River,4A: Environmental Justice,None. No resulting HUCs for this scenario,,,,,,,,
1/17/2024,Amy Dickey,W Colorado River,4B: Environmental Justice,Watershed Plan/NPS Priority Area,UT14060007-007_00,140600070803,Y,Cardinal Wash-Price River HUC. In Price River-3 AU,Y,TDS,N,Unknown
1/17/2024,Amy Dickey,W Colorado River,4B: Environmental Justice,Watershed Plan/NPS Priority Area,UT14060009-007_00,140600090209,N,Lower Cottonwood Creek HUC. Cottonwood Creek Upper AU,Y,TDS,N,Unknown 
1/17/2024,Amy Dickey,W Colorado River,5A: Tribal Considerations,None. No resulting HUCs for this scenario,,,,,,,,
1/17/2024,Amy Dickey,W Colorado River,5B: Tribal Considerations,None. No resulting HUCs for this scenario,,,,,,,,
1/17/2024,Amy Dickey,W Colorado River,6A: Protection,Protection ,UT14060008-001_00,140600080402,N,Green River-4. From San Rafael to Price River,N,,N,Unknown
1/17/2024,Amy Dickey,W Colorado River,6B: Protection,Protection ,UT14060008-001_00,140600080205,N,Butler Wash-Green River HUC. Green River-4 AU,N,,N,Unknown 
1/17/2024,Amy Dickey,W Colorado River,6C: Protection,Protection ,UT14070005-005_00,140700050201,N,Mamie Creek,N,,Y,Unknown 
1/17/2024,Amy Dickey,W Colorado River,6C: Protection,Protection ,UT14070005-006_00,140700050204,N,Lower Sand Creek ,N,,Y,Unknown 
1/17/2024,Amy Dickey,W Colorado River,6D: Protection,Protection ,UT14060008-001_00,140600080208,N,Gunnison Valley-Green River. Green River-4,N,,N,Unknown
1/16/2024,Mike Allred,Bear River,1A: Human Health,Watershed Plan/NPS Priority Area,UT16010202-008_00,160102020507,N,High Creek upper and Lower,Y,TP,N,Unknown
1/16/2024,Mike Allred,Bear River,1A: Human Health,Watershed Plan/NPS Priority Area,UT16010202-009_00,160102020506,N,Spring Creek,Y,TP,N,Unknown
1/16/2024,Mike Allred,Bear River,1B: Human Health,Watershed Plan/NPS Priority Area,UT16010202-008_00,160102020507,N,High Creek upper and Lower,Y,TP,N,Unknown
1/16/2024,Mike Allred,Bear River,1B: Human Health,Watershed Plan/NPS Priority Area,UT16010202-009_00,160102020506,N,Spring Creek,Y,TP,N,Unknown
1/16/2024,Mike Allred,Bear River,1D: Human Health,Watershed Plan/NPS Priority Area,UT-L-16010204-033_00,160102040502,N,Mantua,Y,"PHOSPHORUS, TOTAL, DISSOLVED OXYGEN, PH",N,Y
1/16/2024,Mike Allred,Bear River,1E: Human Health,Watershed Plan/NPS Priority Area,UT16010201-001_00,160102010106,N,Garden City-Frontal Bear River/Bear Lake West (Garden City),N,,N,N
1/17/2024,Mike Allred,Bear River,1E: Human Health,Watershed Plan/NPS Priority Area,UT16010203-005_00,160102030308,Y,Little Logan River-Logan River,Y,"PHOSPHORUS, TOTAL",Y,Y
1/17/2024,Mike Allred,Bear River,2A: Climate Change,Watershed Plan/NPS Priority Area,UT16010202-002_00,160102020705,N,Newton Creek,Y,"PHOSPHORUS, TOTAL",N,N
1/17/2024,Mike Allred,Bear River,2A: Climate Change,Watershed Plan/NPS Priority Area,UT-L-16010202-002_00,160102020706,N,Cutler,Y,"DISSOLVED OXYGEN, EUTROPHICATION, PHOSPHORUS, TOTAL",N,Y
1/17/2024,Mike Allred,Bear River,2B: Climate Change,Watershed Plan/NPS Priority Area,UT-L-16010203-005_00,160102030105,N,Hyrum Reservoir,Y,"PHOSPHORUS, TOTAL, DISSOLVED OXYGEN",N,Unknown
1/17/2024,Mike Allred,Bear River,2B: Climate Change,Watershed Plan/NPS Priority Area,UT16010101-003_00,160101010605,N,Little Creek/Bear,N,,N,Unknown
1/17/2024,Mike Allred,Bear River,2C: Climate Change,Watershed Plan/NPS Priority Area,UT16010203-008_00,160102030402,Y,Spring Creek,Y,"ESCHERICHIA COLI (E. COLI), AMMONIA, TOTAL",N,Y
1/17/2024,Mike Allred,Bear River,2D: Climate Change,Watershed Plan/NPS Priority Area,UT16010203-005_00,160102030307,N,Card Canyon/Logan River,Y,"PHOSPHORUS, TOTAL",Y,Y
1/17/2024,Mike Allred,Bear River,3A: Aquatic Life,Watershed Plan/NPS Priority Area,UT16010203-005_00,160102030308,Y,Little Logan River-Logan River,Y,"PHOSPHORUS, TOTAL",Y,Most Likely
1/18/2024,Mike Allred,Bear River,3A: Aquatic Life,Watershed Plan/NPS Priority Area,UT16010203-005_00,160102030307,N,Card Canyon/Logan River,Y,"PHOSPHORUS, TOTAL",Y,Most Likely
1/17/2024,Mike Allred,Bear River,4A: Environmental Justice,None. No resulting HUCs for this scenario,,,,,,,,
1/17/2024,Mike Allred,Bear River,4B: Environmental Justice,Watershed Plan/NPS Priority Area,UT16010204-002_00,160102040504,N,Box Elder Creek-Black Slough,N,,N,Y
1/17/2024,Mike Allred,Bear River,5A: Tribal Considerations,Watershed Plan/NPS Priority Area,UT16010204-010_01,160102040304,N,Portage Canyon-Malad River,N,,N,Uknown
1/17/2024,Mike Allred,Bear River,5B: Tribal Considerations,Watershed Plan/NPS Priority Area,UT16010204-010_01,160102040304,N,Portage Canyon-Malad River,N,,N,Uknown
1/17/2024,Mike Allred,Bear River,6A: Protection,Protection and Restproation,UT16010101-026_00,160101010104,N,East Fork Bear River,N,,N,Uknown
1/17/2024,Mike Allred,Bear River,6B: Protection,Protection and Restproation,UT16010202-005_00,160102020701,N,Summit Creek,N,,Y,Y
1/17/2024,Mike Allred,Bear River,6C: Protection,Protection,UT16010202-005_00,160102020701,N,Summit Creek,N,,Y,Y
1/17/2024,Mike Allred,Bear River,6D: Protection,Protection,UT-L-16010201-003_00,160102010200,N,Bear Lake,N,,N,Y
1/17/2024,Mike Allred,Bear River,6D: Protection,Protection,UT16010202-005_00,160102020701,,Summit Creek,,,,
1/16/2024,Mike Allred,Sevier,1A: Human Health,Watershed Plan/NPS Priority Area,UT16030002-002_00,160300020105,N,Otter Creek,Y,"PH(4), PH(3A), NUTRIENT/EUTROPHICATION BIOLOGICAL INDICATORS(3A), TEMPERATURE(3A), PH(2B)",N,Y
1/17/2024,Mike Allred,Sevier,1A: Human Health,Watershed Plan/NPS Priority Area,UT-L-16030001-006_00,160300010401,N,Panguitch Lake/Blue Spring Creek,Y,"PHOSPHORUS, TOTAL, DISSOLVED OXYGEN",N,Y
1/16/2024,Mike Allred,Sevier,1B: Human Health,Watershed Plan/NPS Priority Area,UT16030003-013_00,160300030303,N,Monroe Creek,N,,N,Unknown
1/17/2024,Mike Allred,Sevier,1D: Human Health,Watershed Plan/NPS Priority Area,Â UT-L-16030001-006_00,160300010403,N,Panguitch Lake/Haycock Creek,Y,"PHOSPHORUS, TOTAL, DISSOLVED OXYGEN",N,Y
1/16/2024,Mike Allred,Sevier,1D: Human Health,Watershed Plan/NPS Priority Area,UT16030004-005_01,160300040307,N,San Pitch/ Ephraim Creek,Y,TOTAL DISSOLVED SOLIDS (TDS)(4),Y,Y
1/16/2024,Mike Allred,Sevier,1E: Human Health,Watershed Plan/NPS Priority Area,UT16030003-013_00,160300030303,N,Monroe Creek,N,,N,Unknown
1/16/2024,Mike Allred,Sevier,2A: Climate Change,Watershed Plan/NPS Priority Area,UT16030003-011_00,160300030301,N,Indian Creek/Sevier River,N,,N,Unknown
1/16/2024,Mike Allred,Sevier,2B: Climate Change,Watershed Plan/NPS Priority Area,UT16030003-006_00,160300030406,N,Cottonwood Creek/Salina Creek,N,,N,Y
1/16/2024,Mike Allred,Sevier,2C: Climate Change,Watershed Plan/NPS Priority Area,UT16030003-023_00,160300030605,N,Lone Cedar Canyon/Sevier River,N,,N,Unknown
1/16/2024,Mike Allred,Sevier,2D: Climate Change,Watershed Plan/NPS Priority Area,UT16030003-006_00,160300030404,N,Water Hollow-Salina Creek,N,,N,Y
1/17/2024,Mike Allred,Sevier,3A: Aquatic Life,Watershed Plan/NPS Priority Area,UT16030002-002_00,160300020103,N,Koosharem Reservoir/Otter Creek 1,N,,N,Y
1/18/2024,Mike Allred,Sevier,3A: Aquatic Life,Protection,UT-L-16030001-011_00,160300010608,N,Piute Reservoir,N,,N,Unknown
1/16/2024,Mike Allred,Sevier,4A: Environmental Justice,None. No resulting HUCs for this scenario,,,,,,,,
1/17/2024,Mike Allred,Sevier,4B: Environmental Justice,Watershed Plan/NPS Priority Area,UT16030003-006_00,160300030508,N,Dry Red Canyon-Sevier River/Salina Creek,N,,N,Y
1/17/2024,Mike Allred,Sevier,4B: Environmental Justice,Watershed Plan/NPS Priority Area,UT16030003-013_00,160300030303,N,Monroe Creek,N,,N,Uknown
1/17/2024,Mike Allred,Sevier,5A: Tribal Considerations,Watershed Plan/NPS Priority Area,UT16030003-009_00,160300030301,N,Indian Creek/Sevier River,N,,N,Uknown
1/17/2024,Mike Allred,Sevier,5A: Tribal Considerations,Watershed Plan/NPS Priority Area,UT16030003-014_01,160300030309,N,Sevier River/Monroe Creek,N,,N,Uknown
1/17/2024,Mike Allred,Sevier,5A: Tribal Considerations,Watershed Plan/NPS Priority Area,UT16030002-001_00,160300020103,N,Koosharem/Otter Creek,N,,N,Uknown
1/17/2024,Mike Allred,Sevier,5B: Tribal Considerations,Watershed Plan/NPS Priority Area,UT16030003-014_00,160300030309,N,Sevier River/Monroe Creek,N,,N,Uknown
1/17/2024,Mike Allred,Sevier,5B: Tribal Considerations,Watershed Plan/NPS Priority Area,UT16030003-009_00,160300030301,N,Indian Creek/Sevier River,N,,N,Uknown
1/17/2024,Mike Allred,Sevier,6A: Protection,Protection and Restoration,UT16030003-013_00,160300030303,N,Monroe Creek/Sevier River,N,,N,Uknown
1/17/2024,Mike Allred,Sevier,6B: Protection,Protection,UT16030002-010_00,160300020302,N,Tropic Reservoir,N,,N,Uknown
1/17/2024,Mike Allred,Sevier,6C: Protection,Protection and Restoration,UT16030003-013_00,160300030303,N,Monroe Creek/Sevier River,N,,N,Uknown
1/17/2024,Mike Allred,Sevier,6C: Protection,Protection,UT16030002-010_00,160300020302,N,Tropic Reservoir,N,,N,Uknown
1/17/2024,Mike Allred,Sevier,6D: Protection,Protection and Restoration,UT16030003-013_00,160300030303,N,Monroe Creek/Sevier River,N,,N,Uknown
1/18/2024,Mike Allred,Southeast Colorado,1A: Human Health,None. No resulting HUCs for this scenario,,,,,,,,
1/18/2024,Mike Allred,Southeast Colorado,1B: Human Health,None. No resulting HUCs for this scenario,,,,,,,,
1/18/2024,Mike Allred,Southeast Colorado,1D: Human Health,Watershed Plan/NPS Priority Area,UT14030005-006_01,140300050404,N,Horse Creek-Mill Creek (feeds Ken's Lake),N,,Y,Y
1/18/2024,Mike Allred,Southeast Colorado,1D: Human Health,Watershed Plan/NPS Priority Area,UT14030005-006_02,140300050401,N,Upper Pack Creek (Ken's Lake),N,,Y,Y
1/18/2024,Mike Allred,Southeast Colorado,1D: Human Health,Watershed Plan/NPS Priority Area,UT14030005-005_00,140300050402,N,North Fork Mill Creek (Not a Lake or Reservoir),Y,TEMPERATURE(3A),Y,Y
1/18/2024,Mike Allred,Southeast Colorado,1D: Human Health,Watershed Plan/NPS Priority Area,UT14030005-011_00,140300050403,N,Lower Pack Creek,Y,TEMPERATURE(3A),Y,Y
1/18/2024,Mike Allred,Southeast Colorado,1D: Human Health,Watershed Plan/NPS Priority Area,UT14030005-003_00,140300051001,Y,Little Canyon-Colorado River,Y,SELENIUM,Y,Y
1/18/2024,Mike Allred,Southeast Colorado,1D: Human Health,Watershed Plan/NPS Priority Area,UT14030005-004_00,140300050307,Y,Negro Bill Canyon-Colorado River/Grandstaff Canyon,Y,SELENIUM,Y,Y
1/18/2024,Mike Allred,Southeast Colorado,2A: Climate Change,Watershed Plan/NPS Priority Area,UT14030005-005_00,140300050402,N,North Fork Mill Creek,Y,TEMPERATURE(3A),Y,Y
1/18/2024,Mike Allred,Southeast Colorado,2A: Climate Change,Watershed Plan/NPS Priority Area,UT14030005-010_00,140300050301,N,Onion Creek,Y,"TEMPERATURE, TOTAL DISSOLVED SOLIDS (TDS)",Y,Y
1/18/2024,Mike Allred,Southeast Colorado,2B: Climate Change,Watershed Plan/NPS Priority Area,UT14030005-011_00,140300050401,N,Upper Pack Creek,Y,TEMPERATURE(3A),Y,Y
1/18/2024,Mike Allred,Southeast Colorado,2B: Climate Change,Watershed Plan/NPS Priority Area,UT14030005-005_00,140300050402,N,North Fork Mill Creek,Y,TEMPERATURE(3A),Y,Y
1/18/2024,Mike Allred,Southeast Colorado,2C: Climate Change,Watershed Plan/NPS Priority Area,UT14030005-003_00,140300051001,Y,Little Canyon-Colorado River,Y,SELENIUM,Y,Y
1/18/2024,Mike Allred,Southeast Colorado,2D: Climate Change,Watershed Plan/NPS Priority Area,UT14030005-004_00,140300050306,N,Mat Martin Point-Colorado River,Y,SELENIUM,Y,Y
1/18/2024,Mike Allred,Southeast Colorado,2D: Climate Change,Watershed Plan/NPS Priority Area,UT14030005-009_00,140300050304,N,Castle Creek,N,,Y,Y
1/18/2024,Mike Allred,Southeast Colorado,3A: Aquatic Life,Watershed Plan/NPS Priority Area,UT14030005-009_00,140300050304,N,Castle Creek,N,,Y,Y
1/18/2024,Mike Allred,Southeast Colorado,3A: Aquatic Life,Watershed Plan/NPS Priority Area,UT14030005-004_00,140300050306,N,Mat Martin Point-Colorado River,Y,SELENIUM,Y,Y
1/18/2024,Mike Allred,Southeast Colorado,4A: Environmental Justice,Watershed Plan/NPS Priority Area,UT14030005-005_00,140300050404,N,Horse Creek-Mill Creek,N,,Y,Y
1/18/2024,Mike Allred,Southeast Colorado,4B: Environmental Justice,Watershed Plan/NPS Priority Area,UT14080203-003_00,140802030103,Y,North Creek-Montezuma Creek,N,,N,N
1/18/2024,Mike Allred,Southeast Colorado,5A: Tribal Considerations,Watershed Plan/NPS Priority Area,UT14080201-007_00,140802010402,N,Cottonwood Wash,Y,ALPHA PARTICLES,N,N
1/18/2024,Mike Allred,Southeast Colorado,5B: Tribal Considerations,Watershed Plan/NPS Priority Area,UT14080201-007_00,140802010403,N,Dry Wash/Cottonwood Wash,Y,ALPHA PARTICLES,N,N
1/18/2024,Mike Allred,Southeast Colorado,6A: Protection,Protection,UT-L-14070006-001_00,140802050803,N,San Juan Canyon-San Juan River/Lake Powell,N,,N,N
1/18/2024,Mike Allred,Southeast Colorado,6B: Protection,Protection,UT14030005-004_00,140300050302,N,Yellow Jacket Canyoner-Colorado River,Y,SELENIUM,N,N
1/18/2024,Mike Allred,Southeast Colorado,6C: Protection,Protection & Restoration,UT14030005-009_00,140300050304,N,Castle Creek,N,,Y,Y
1/18/2024,Mike Allred,Southeast Colorado,6D: Protection,Protection & Restoration,UT14030005-009_00,140300050305,N,Placer Creek,N,,Y,Y
1/18/2024,Mike Allred,West Dessert,1A: Human Health,None. No resulting HUCs for this scenario,,,,,,,,
1/18/2024,Mike Allred,West Dessert,1B: Human Health,None. No resulting HUCs for this scenario,,,,,,,,
1/18/2024,Mike Allred,West Dessert,1D: Human Health,Watershed Plan/NPS Priority Area,UT16020309-002_00,160203090809,N,Blue Creek,N,,N,N
1/18/2024,Mike Allred,West Dessert,1E: Human Health,Watershed Plan/NPS Priority Area,UT16020304-008_00,160203040503,Y,South Willow Creek-Frontal Great Salt Lake,N,,N,N
1/18/2024,Mike Allred,West Dessert,2A: Climate Change,Watershed Plan/NPS Priority Area,UT16020304-002_00,160203040103,N,Vernon Hills,N,,N,N
1/18/2024,Mike Allred,West Dessert,2B: Climate Change,Watershed Plan/NPS Priority Area,UT16020304-002_00,160203040104,N,East Faust Creek,N,,N,N
1/18/2024,Mike Allred,West Dessert,2C: Climate Change,Watershed Plan/NPS Priority Area,HUC_12: 160203040403,160203040403,Y,Bates Canyon-Frontal Great Salt Lake,N,,N,N
1/18/2024,Mike Allred,West Dessert,2C: Climate Change,Watershed Plan/NPS Priority Area,UT16020309-002_00,160203090807,N,Promontory-Blue Creek (no point source),N,,N,N
1/18/2024,Mike Allred,West Dessert,2D: Climate Change,Watershed Plan/NPS Priority Area,UT16020304-002_00,160203040101,N,East Government Creek,N,,N,N
1/18/2024,Mike Allred,West Dessert,3A: Aquatic Life,Watershed Plan/NPS Priority Area,UT16020304-002_00,160203040101,N,East Government Creek,N,,N,N
1/18/2024,Mike Allred,West Dessert,4A: Environmental Justice,None. No resulting HUCs for this scenario,,,,,,,,
1/18/2024,Mike Allred,West Dessert,4B: Environmental Justice,Watershed Plan/NPS Priority Area,UT16020304-008_00,160203040503,Y,South Willow Creek-Frontal Great Salt Lake,N,,N,N
1/18/2024,Mike Allred,West Dessert,4B: Environmental Justice,Watershed Plan/NPS Priority Area,UT16020304-001_00,160203040102,N,Vernon Creek,N,,N,N
1/18/2024,Mike Allred,West Dessert,5A: Tribal Considerations,None. No resulting HUCs for this scenario,,,,,,,,
1/18/2024,Mike Allred,West Dessert,5B: Tribal Considerations,None. No resulting HUCs for this scenario,,,,,,,,
1/18/2024,Mike Allred,West Dessert,6A: Protection,Protection & Restoration,HUC_12: 160203100100,160203100100,N,Antelope Island,N,,N,N
1/18/2024,Mike Allred,West Dessert,6B: Protection,Protection & Restoration,UT16020304-004_00,160203040302,N,Ophir Creek,N,,N,N
1/18/2024,Mike Allred,West Dessert,6C: Protection,Protection & Restoration,UT16020304-005_00,160203040308,N,Soldier Creek-Frontal Rush Lake,N,,N,N
1/18/2024,Mike Allred,West Dessert,6D: Protection,Protection,UT16020304-004_00,160203040302,N,Ophir Creek,N,,N,N
1/18/2024,Christine Osborne,Uinta,1A: Human Health,NPS Priority Area,UT14040106-021_00,140401060904,N,Implementation projects for Pot Creek Watershed Plan/Matt Warner TMDL needed beyond Crouse Reservoir,,,,
1/18/2024,Christine Osborne,Uinta,1A: Human Health,Watershed Plan/NPS Priority Area,UT14060004-014_00,140600040101,N,Willow Creek - Strawberry River (Strawberry River Upper),,,,
1/18/2024,Christine Osborne,Uinta,1A: Human Health,Watershed Plan/NPS Priority Area,UT14060004-013_00,140600040102,N,"Clyde Creek - Strawberry River  (Strawberry 4  DO, pH))",,,,
1/18/2024,Christine Osborne,Uinta,1A: Human Health,Watershed Plan/NPS Priority Area,UT14060004-014_00,140600040102,N,Clyde Creek -Strawberry River (Strawberry River Upper),,,,
1/18/2024,Christine Osborne,Uinta,1A: Human Health,Watershed Plan/NPS Priority Area,UT-L-14060004-001_00,140600040102,N,Clyde Creek - Strawberry River (Strawberry Reservoir  pH),,,,
1/18/2024,Christine Osborne,Uinta,1A: Human Health,Watershed Plan/NPS Priority Area,UT14060004-013_00,140600040103,N,"Mud Creek (Strawberry 4  DO, pH) ",,,,
1/18/2024,Christine Osborne,Uinta,1A: Human Health,Watershed Plan/NPS Priority Area,UT-L-14060004-001_00,140600040103,N,Mud Creek (Strawberry Reservoir pH),,,,
1/18/2024,Christine Osborne,Uinta,1A: Human Health,Watershed Plan/NPS Priority Area,UT14060004-013_00,140600040104,N,"Indian Creek (Strawberry 4 DO, pH)",,,,
1/18/2024,Christine Osborne,Uinta,1A: Human Health,Watershed Plan/NPS Priority Area,UT-L-14060004-001_00,140600040104,N,Indian Creek (Strawberry Reservoir pH),,,,
1/18/2024,Christine Osborne,Uinta,1A: Human Health,Watershed Plan/NPS Priority Area,UT14060004-013_00,140600040105,N,"Trout Creek - Strawberry River (Strawberry 4 DO, pH )",,,,
1/18/2024,Christine Osborne,Uinta,1A: Human Health,Watershed Plan/NPS Priority Area,UT-L-14060004-001_00,140600040105,N,Trout Creek - Strawberry River (Strawberry Reservoir pH),,,,
1/18/2024,Christine Osborne,Uinta,1A: Human Health,Watershed Plan/NPS Priority Area,UT-L-14060004-001_00,140600040106,N,Soldier Creek - Strawberry River (Strawberry Reservoir pH),,,,
1/18/2024,Christine Osborne,Uinta,1A: Human Health,Watershed Plan/NPS Priority Area,UT14060004-013_00,140600040106,N,"Soldier Creek - Strawberry River (Strawberry 4 DO, pH)",,,,
1/18/2024,Christine Osborne,Uinta,1B: Human Health,NPS Priority Area,UT14040106-021_00,140401060904,N,Implementation projects for Pot Creek Watershed Plan/Matt Warner TMDL needed beyond Crouse Reservoir,,,,
1/18/2024,Christine Osborne,Uinta,1B: Human Health,Watershed Plan/NPS Priority Area,UT14060004-014_00,140600040101,N,Willow Creek - Strawberry River (Strawberry River Upper),,,,
1/18/2024,Christine Osborne,Uinta,1B: Human Health,Watershed Plan/NPS Priority Area,UT14060004-013_00,140600040102,N,"Clyde Creek - Strawberry River  (Strawberry 4  DO, pH))",,,,
1/18/2024,Christine Osborne,Uinta,1B: Human Health,Watershed Plan/NPS Priority Area,UT14060004-014_00,140600040102,N,Clyde Creek -Strawberry River (Strawberry River Upper),,,,
1/18/2024,Christine Osborne,Uinta,1B: Human Health,Watershed Plan/NPS Priority Area,UT-L-14060004-001_00,140600040102,N,Clyde Creek - Strawberry River (Strawberry Reservoir  pH),,,,
1/18/2024,Christine Osborne,Uinta,1B: Human Health,Watershed Plan/NPS Priority Area,UT14060004-013_00,140600040103,N,"Mud Creek (Strawberry 4  DO, pH) ",,,,
1/18/2024,Christine Osborne,Uinta,1B: Human Health,Watershed Plan/NPS Priority Area,UT-L-14060004-001_00,140600040103,N,Mud Creek (Strawberry Reservoir pH),,,,
1/18/2024,Christine Osborne,Uinta,1B: Human Health,Watershed Plan/NPS Priority Area,UT14060004-013_00,140600040104,N,"Indian Creek (Strawberry 4 DO, pH)",,,,
1/18/2024,Christine Osborne,Uinta,1B: Human Health,Watershed Plan/NPS Priority Area,UT-L-14060004-001_00,140600040104,N,Indian Creek (Strawberry Reservoir pH),,,,
1/18/2024,Christine Osborne,Uinta,1C: Human Health,Watershed Plan/NPS Priority Area,UT14060004-013_00,140600040105,N,"Trout Creek - Strawberry River (Strawberry 4 DO, pH )",,,,
1/18/2024,Christine Osborne,Uinta,1C: Human Health,Watershed Plan/NPS Priority Area,UT-L-14060004-001_00,140600040105,N,Trout Creek - Strawberry River (Strawberry Reservoir pH),,,,
1/18/2024,Christine Osborne,Uinta,1C: Human Health,Watershed Plan/NPS Priority Area,UT-L-14060004-001_00,140600040106,N,Soldier Creek - Strawberry River (Strawberry Reservoir pH),,,,
1/18/2024,Christine Osborne,Uinta,1C: Human Health,Watershed Plan/NPS Priority Area,UT14060004-013_00,140600040106,N,"Soldier Creek - Strawberry River (Strawberry 4 DO, pH)",,,,
1/18/2024,Christine Osborne,Uinta,1C: Human Health,Watershed Plan/NPS Priority Area,UT14060010-011_04,140600010206,N,Bourdette Draw-Cliff Creek (Green River E. coli)  ,,,,
1/18/2024,Christine Osborne,Uinta,1C: Human Health,Watershed Plan/NPS Priority Area,UT14060010-011_04,140600010301,N,Iron Springs Wash (Green River E. coli)  ,,,,
1/18/2024,Christine Osborne,Uinta,1C: Human Health,Watershed Plan/NPS Priority Area,UT14060010-011_04,140600010303,N,Sage Creek-Green River (Green River E. coli)  ,,,,
1/18/2024,Christine Osborne,Uinta,1C: Human Health,Watershed Plan/NPS Priority Area,UT14060010-011_04,140600010304,N,Stone Bridge Draw (Green River E. coli)  ,,,,
1/18/2024,Christine Osborne,Uinta,1C: Human Health,Watershed Plan/NPS Priority Area,UT14060010-011_04,140600010305,N,Cub Creek (Green River E. coli)  ,,,,
1/18/2024,Christine Osborne,Uinta,1D. Human Health,Watershed Plan/NPS Priority Area,UT14060010-011_04,140600010201,N,K Creek. (Green River E. coli)  ,,,,
1/18/2024,Christine Osborne,Uinta,1D. Human Health,Watershed Plan/NPS Priority Area,UT14060010-011_04,140600010202,N,Snake John Wash (Green River E. coli)  ,,,,
1/18/2024,Christine Osborne,Uinta,1D. Human Health,Watershed Plan/NPS Priority Area,UT14060010-011_04,140600010204,N,Powder Springs Wash (Green River E. coli ) ,,,,
1/18/2024,Christine Osborne,Uinta,1D. Human Health,Watershed Plan/NPS Priority Area,UT14060010-011_04,140600010205,N,Cow Wash-Cliff Creek (Green River E. coli)  ,,,,
1/18/2024,Christine Osborne,Uinta,1D. Human Health,Watershed Plan/NPS Priority Area,UT14060010-011_04,140600010206,N,Bourdette Draw-Cliff Creek (Green River E. coli)  ,,,,
1/18/2024,Christine Osborne,Uinta,1D. Human Health,Watershed Plan/NPS Priority Area,UT14060010-011_04,140600010301,N,Iron Springs Wash (Green River E. coli)  ,,,,
1/18/2024,Christine Osborne,Uinta,1D. Human Health,Watershed Plan/NPS Priority Area,UT14060010-011_04,140600010303,N,Sage Creek-Green River (Green River E. coli)  ,,,,
1/18/2024,Christine Osborne,Uinta,1D. Human Health,Watershed Plan/NPS Priority Area,UT14060010-011_04,140600010304,N,Stone Bridge Draw (Green River E. coli)  ,,,,
1/18/2024,Christine Osborne,Uinta,1D. Human Health,Watershed Plan/NPS Priority Area,UT14060010-011_04,140600010305,N,Cub Creek (Green River E. coli)  ,,,,
1/18/2024,Christine Osborne,Uinta,1E. Human Health ,Watershed Plan/NPS Priority Area,UT14060003-017_00,140600030201,N,Blind Stream (Duchesne 4 -TEMP),,,,
1/18/2024,Christine Osborne,Uinta,1E. Human Health ,Watershed Plan/NPS Priority Area,UT14060003-017_00,140600030202,N,Sand Creek-Duchesne River (Duchesne 4 TEMP),,,,
1/18/2024,Christine Osborne,Uinta,1E. Human Health ,Watershed Plan/NPS Priority Area,UT14060003-017_00,140600030203,N,Rudy Hollow-Duchesne River (Duchesne 4 TEMP),,,,
1/18/2024,Christine Osborne,Uinta,1E. Human Health ,Watershed Plan/NPS Priority Area,UT14060003-017_00,140600030204,N,Farm Creek (Duchesne 4 TEMP),,,,
1/18/2024,Christine Osborne,Uinta,1E. Human Health ,Watershed Plan/NPS Priority Area,UT14060003-017_00,140600030206,N,Wagstaff Hollow-Duchesne River (Duchesne 4 TEMP),,,,
1/18/2024,Christine Osborne,Uinta,1E. Human Health ,Watershed Plan/NPS Priority Area,UT14060003-017_00,140600030401,N,Sand Wash (Duchesne 4 TEMP),,,,
1/18/2024,Christine Osborne,Uinta,1E. Human Health,Watershed Plan/NPS Priority Area,UT14060004-014_00,140600040101,N,Willow Creek - Strawberry River (Strawberry River Upper),,,,
1/18/2024,Christine Osborne,Uinta,2A: Climate Change,Watershed Plan/NPS Priority Area,UT14060004-013_00,140600040102,N,"Clyde Creek - Strawberry River  (Strawberry 4  DO, pH))",,,,
1/18/2024,Christine Osborne,Uinta,2A: Climate Change,Watershed Plan/NPS Priority Area,UT14060004-014_00,140600040102,N,Clyde Creek -Strawberry River (Strawberry River Upper),,,,
1/18/2024,Christine Osborne,Uinta,2A: Climate Change,Watershed Plan/NPS Priority Area,UT-L-14060004-001_00,140600040102,N,Clyde Creek - Strawberry River (Strawberry Reservoir  pH),,,,
1/18/2024,Christine Osborne,Uinta,2A: Climate Change,Watershed Plan/NPS Priority Area,UT14060004-013_00,140600040103,N,"Mud Creek (Strawberry 4  DO, pH) ",,,,
1/18/2024,Christine Osborne,Uinta,2A: Climate Change,Watershed Plan/NPS Priority Area,UT-L-14060004-001_00,140600040103,N,Mud Creek (Strawberry Reservoir pH),,,,
1/18/2024,Christine Osborne,Uinta,2A: Climate Change,Watershed Plan/NPS Priority Area,UT14060004-013_00,140600040104,N,"Indian Creek (Strawberry 4 DO, pH)",,,,
1/18/2024,Christine Osborne,Uinta,2A: Climate Change,Watershed Plan/NPS Priority Area,UT-L-14060004-001_00,140600040104,N,Indian Creek (Strawberry Reservoir pH),,,,
1/18/2024,Christine Osborne,Uinta,2A: Climate Change,Watershed Plan/NPS Priority Area,UT14060004-013_00,140600040105,N,"Trout Creek - Strawberry River (Strawberry 4 DO, pH )",,,,
1/18/2024,Christine Osborne,Uinta,2A: Climate Change,Watershed Plan/NPS Priority Area,UT-L-14060004-001_00,140600040105,N,Trout Creek - Strawberry River (Strawberry Reservoir pH),,,,
1/18/2024,Christine Osborne,Uinta,2A: Climate Change,Watershed Plan/NPS Priority Area,UT-L-14060004-001_00,140600040106,N,Soldier Creek - Strawberry River (Strawberry Reservoir pH),,,,
1/18/2024,Christine Osborne,Uinta,2A: Climate Change,Watershed Plan/NPS Priority Area,UT14060004-013_00,140600040106,N,"Soldier Creek - Strawberry River (Strawberry 4 DO, pH)",,,,
1/18/2024,Christine Osborne,Uinta,2A: Climate Change,Watershed Plan/NPS Priority Area,UT 14060005-003_00,140600050406,N,Butts Canyon-Ninemile Creek  (Ninemile TEMP/DO; TEMP TMDL for Upper Ninemile needs implementation),,,,
1/18/2024,Christine Osborne,Uinta,2A: Climate Change,Watershed Plan/NPS Priority Area,UT14060006-001_00,140600060103,N,Trail Canyon (Willow Creek TEMP) NPS grant watershed plan in progress,,,,
1/18/2024,Christine Osborne,Uinta,2A: Climate Change,Watershed Plan/NPS Priority Area,UT14060006-001_00,140600060104,N,Big Asphalt Canyon - Main Canyon (Willow Creek TEMP) NPS grant watershed plan in progress,,,,
1/18/2024,Christine Osborne,Uinta,2A: Climate Change,Watershed Plan/NPS Priority Area,UT14060006-001_00,140600060105,N,Crow Roost Canyon - Main Canyon (Willow Creek TEMP) NPS grant watershed plan in progress,,,,
1/18/2024,Christine Osborne,Uinta,2A: Climate Change,Watershed Plan/NPS Priority Area,UT14060006-001_00,140600060209,N,Upper Dry Gulch Canyon (Willow Creek TEMP) NPS grant watershed plan in progress,,,,
1/18/2024,Christine Osborne,Uinta,2A: Climate Change,Watershed Plan/NPS Priority Area,UT14060006-001_00,140600060210,N,Big Canyon - Willow Creek (Willow Creek TEMP) NPS grant watershed plan in progress,,,,
1/18/2024,Christine Osborne,Uinta,2A: Climate Change,Watershed Plan/NPS Priority Area,UT14060006-001_00,140600060211,N, Main Bottom Canyon Willow Creek (Willow Creek TEMP) NPS grant watershed plan in progress,,,,
1/18/2024,Christine Osborne,Uinta,2A: Climate Change,Watershed Plan/NPS Priority Area,UT14060006-001_00,140600060401,N,Sunday School Canyon (Willow Creek TEMP) NPS grant watershed plan in progress,,,,
1/18/2024,Christine Osborne,Uinta,2A: Climate Change,Watershed Plan/NPS Priority Area,UT14060006-001_00,140600060402,N,Agency Draw (Willow Creek TEMP) NPS grant watershed plan in progress,,,,
1/18/2024,Christine Osborne,Uinta,2A: Climate Change,Watershed Plan/NPS Priority Area,UT14060006-001_00,140600060403,N,Buck Canyon -Willow Creek (Willow Creek TEMP) NPS grant watershed plan in progress,,,,
1/18/2024,Christine Osborne,Uinta,2A: Climate Change,Watershed Plan/NPS Priority Area,UT14060006-001_00,140600060404,N,Jim Little Canyon - Willow Creek (Willow Creek TEMP) NPS grant watershed plan in progress,,,,
1/18/2024,Christine Osborne,Uinta,2A: Climate Change,Watershed Plan/NPS Priority Area,UT14060006-001_00,140600060405,N,140600060405- Willow Creek (Willow Creek TEMP) NPS grant watershed plan in progress,,,,
1/18/2024,Christine Osborne,Uinta,2A: Climate Change,Watershed Plan/NPS Priority Area,UT14060006-001_00,140600060406,N,Outlet Willow Creek (Willow Creek TEMP) NPS grant watershed plan in progress,,,,
1/18/2024,Christine Osborne,Uinta,2B: Climate Change,Watershed Plan/NPS Priority Area,UT 14060005-003_00,140600050301,N,Upper Argyle Creek (Ninemile TEMP/DO; TEMP TMDL for Upper Ninemile needs implementation),,,,
1/18/2024,Christine Osborne,Uinta,2B: Climate Change,Watershed Plan/NPS Priority Area,UT 14060005-003_00,140600050302,N,Minnie Maud Creek (Ninemile TEMP/DO; TEMP TMDL for Upper Ninemile needs implementation),,,,
1/18/2024,Christine Osborne,Uinta,2B: Climate Change,Watershed Plan/NPS Priority Area,UT 14060005-003_00,140600050303,N,Cow Canyon  (Ninemile TEMP/DO; TEMP TMDL for Upper Ninemile needs implementation),,,,
1/18/2024,Christine Osborne,Uinta,2B: Climate Change,Watershed Plan/NPS Priority Area,UT 14060005-003_00,140600050304,N,Sheep Canyon  (Ninemile TEMP/DO; TEMP TMDL for Upper Ninemile needs implementation),,,,
1/18/2024,Christine Osborne,Uinta,2B: Climate Change,Watershed Plan/NPS Priority Area,UT 14060005-003_00,140600050305,N,Lower Argyle Creek  (Ninemile TEMP/DO; TEMP TMDL for Upper Ninemile needs implementation),,,,
1/18/2024,Christine Osborne,Uinta,2B: Climate Change,Watershed Plan/NPS Priority Area,UT 14060005-003_00,140600050306,N,Big Sulphur Canyon- Ninemile Creek  (Ninemile TEMP/DO; TEMP TMDL for Upper Ninemile needs implementation),,,,
1/18/2024,Christine Osborne,Uinta,2B: Climate Change,Watershed Plan/NPS Priority Area,UT 14060005-003_00,140600050401,N,Gate Canyon - Ninemile Creek  (Ninemile TEMP/DO; TEMP TMDL for Upper Ninemile needs implementation),,,,
1/18/2024,Christine Osborne,Uinta,2B: Climate Change,Watershed Plan/NPS Priority Area,UT 14060005-003_00,140600050402,N,Dry Creek  (Ninemile TEMP/DO; TEMP TMDL for Upper Ninemile needs implementation),,,,
1/18/2024,Christine Osborne,Uinta,2B: Climate Change,Watershed Plan/NPS Priority Area,UT 14060005-003_00,140600050403,N,Cottonwood Canyon  (Ninemile TEMP/DO; TEMP TMDL for Upper Ninemile needs implementation),,,,
1/18/2024,Christine Osborne,Uinta,2B: Climate Change,Watershed Plan/NPS Priority Area,UT 14060005-003_00,140600050404,N,Prickly Pear Canyon - Ninemile Creek  (Ninemile TEMP/DO; TEMP TMDL for Upper Ninemile needs implementation),,,,
1/18/2024,Christine Osborne,Uinta,2B: Climate Change,Watershed Plan/NPS Priority Area,UT 14060005-003_00,140600050405,N,Devils Canyon - Ninemile Creek  (Ninemile TEMP/DO; TEMP TMDL for Upper Ninemile needs implementation),,,,
1/18/2024,Christine Osborne,Uinta,2B: Climate Change,Watershed Plan/NPS Priority Area,UT 14060005-003_00,140600050406,N,Butts Canyon-Ninemile Creek  (Ninemile TEMP/DO; TEMP TMDL for Upper Ninemile needs implementation),,,,
1/18/2024,Christine Osborne,Uinta,2C: Climate Change,,N/A,N/A,N,,,,,
1/18/2024,Christine Osborne,Uinta,2D: Climate Change,Watershed Plan/NPS Priority Area,UT14060003-017_00,140600030203,N,Rudy Hollow-Duchesne River (Duchesne 4 TEMP),,,,
1/18/2024,Christine Osborne,Uinta,2D: Climate Change,Watershed Plan/NPS Priority Area,UT14060003-017_00,140600030205,N,Hicken Hollow - Duchesne River (Duchesne 4 TEMP),,,,
1/18/2024,Christine Osborne,Uinta,2D: Climate Change,Watershed Plan/NPS Priority Area,UT14060003-017_00,140600030206,N,Wagstaff Hollow- Duchesne River (Duchesne 4 TEMP),,,,
1/18/2024,Christine Osborne,Uinta,2D: Climate Change,Watershed Plan/NPS Priority Area,UT14060003-017_00,140600030206,N,Benson Draw - Duchesne River (Duchesne 4 TEMP),,,,
1/18/2024,Christine Osborne,Uinta,3A: Aquatic Life,Watershed Plan/NPS Priority Area,UT14060003-017_00,140600030203,N,Rudy Hollow-Duchesne River (Duchesne 4 TEMP),,,,
1/18/2024,Christine Osborne,Uinta,3A: Aquatic Life,Watershed Plan/NPS Priority Area,UT14060003-017_00,140600030205,N,Hicken Hollow - Duchesne River (Duchesne 4 TEMP),,,,
1/18/2024,Christine Osborne,Uinta,3A: Aquatic Life,Watershed Plan/NPS Priority Area,UT14060003-017_00,140600030206,N,Wagstaff Hollow- Duchesne River (Duchesne 4 TEMP),,,,
1/18/2024,Christine Osborne,Uinta,3A: Aquatic Life,Watershed Plan/NPS Priority Area,UT14060003-017_00,140600030206,N,Benson Draw - Duchesne River (Duchesne 4 TEMP),,,,
1/18/2024,Christine Osborne,Uinta,3A: Aquatic Life,Watershed Plan/NPS Priority Area,UT14060004-013_00,140600040102,N,"Clyde Creek - Strawberry River  (Strawberry 4  DO, pH))",,,,
1/18/2024,Christine Osborne,Uinta,3A: Aquatic Life,Watershed Plan/NPS Priority Area,UT14060004-014_00,140600040102,N,Clyde Creek -Strawberry River (Strawberry River Upper),,,,
1/18/2024,Christine Osborne,Uinta,3A: Aquatic Life,Watershed Plan/NPS Priority Area,UT-L-14060004-001_00,140600040102,N,Clyde Creek - Strawberry River (Strawberry Reservoir  pH),,,,
1/18/2024,Christine Osborne,Uinta,3A: Aquatic Life,Watershed Plan/NPS Priority Area,UT14060004-013_00,140600040103,N,"Mud Creek (Strawberry 4  DO, pH) ",,,,
1/18/2024,Christine Osborne,Uinta,3A: Aquatic Life,Watershed Plan/NPS Priority Area,UT-L-14060004-001_00,140600040103,N,Mud Creek (Strawberry Reservoir pH),,,,
1/18/2024,Christine Osborne,Uinta,3A: Aquatic Life,Watershed Plan/NPS Priority Area,UT14060004-013_00,140600040104,N,"Indian Creek (Strawberry 4 DO, pH)",,,,
1/18/2024,Christine Osborne,Uinta,3A: Aquatic Life,Watershed Plan/NPS Priority Area,UT-L-14060004-001_00,140600040104,N,Indian Creek (Strawberry Reservoir pH),,,,
1/18/2024,Christine Osborne,Uinta,3A: Aquatic Life,Watershed Plan/NPS Priority Area,UT14060004-013_00,140600040105,N,"Trout Creek - Strawberry River (Strawberry 4 DO, pH )",,,,
1/18/2024,Christine Osborne,Uinta,3A: Aquatic Life,Watershed Plan/NPS Priority Area,UT-L-14060004-001_00,140600040105,N,Trout Creek - Strawberry River (Strawberry Reservoir pH),,,,
1/18/2024,Christine Osborne,Uinta,4A: Environmental Justice,NA,NA,NA,N,,,,,
1/18/2024,Christine Osborne,Uinta,4B: Environmental Justice,Watershed Plan/NPS Priority Area,UT14060003-017_00,140600030201,N,Blind Stream (Duchesne 4 -TEMP),,,,
1/18/2024,Christine Osborne,Uinta,4B: Environmental Justice,Watershed Plan/NPS Priority Area,UT14060003-017_00,140600030202,N,Sand Creek-Duchesne River (Duchesne 4 TEMP),,,,
1/18/2024,Christine Osborne,Uinta,4B: Environmental Justice,Watershed Plan/NPS Priority Area,UT14060003-017_00,140600030203,N,Rudy Hollow-Duchesne River (Duchesne 4 TEMP),,,,
1/18/2024,Christine Osborne,Uinta,4B: Environmental Justice,Watershed Plan/NPS Priority Area,UT14060003-017_00,140600030204,N,Farm Creek (Duchesne 4 TEMP),,,,
1/18/2024,Christine Osborne,Uinta,4B: Environmental Justice,Watershed Plan/NPS Priority Area,UT14060003-017_00,140600030401,N,Sand Wash (Duchesne 4 TEMP),,,,
1/18/2024,Christine Osborne,Uinta,5A: Tribal,Watershed Plan/NPS Priority Area,UT14060006-001_00,140600060209,N,Upper Dry Gulch Canyon (Willow Creek TEMP) NPS grant watershed plan in progress,,,,
1/18/2024,Christine Osborne,Uinta,5A: Tribal,Watershed Plan/NPS Priority Area,UT14060006-001_00,140600060210,N,Big Canyon - Willow Creek (Willow Creek TEMP) NPS grant watershed plan in progress,,,,
1/18/2024,Christine Osborne,Uinta,5A: Tribal,Watershed Plan/NPS Priority Area,UT14060006-001_00,140600060211,N, Main Bottom Canyon Willow Creek (Willow Creek TEMP) NPS grant watershed plan in progress,,,,
1/18/2024,Christine Osborne,Uinta,5A: Tribal,Watershed Plan/NPS Priority Area,UT14060006-001_00,140600060402,N,Agency Draw (Willow Creek TEMP) NPS grant watershed plan in progress,,,,
1/18/2024,Christine Osborne,Uinta,5A: Tribal,Watershed Plan/NPS Priority Area,UT14060006-001_00,140600060404,N,Jim Little Canyon - Willow Creek (Willow Creek TEMP) NPS grant watershed plan in progress,,,,
1/18/2024,Christine Osborne,Uinta,5A: Tribal,Watershed Plan/NPS Priority Area,UT14060006-001_00,140600060405,N,140600060405- Willow Creek (Willow Creek TEMP) NPS grant watershed plan in progress,,,,
1/18/2024,Christine Osborne,Uinta,5A: Tribal,Watershed Plan/NPS Priority Area,UT14060006-001_00,140600060406,N,Outlet Willow Creek (Willow Creek TEMP) NPS grant watershed plan in progress,,,,
1/18/2024,Christine Osborne,Uinta,5B: Tribal,Watershed Plan/NPS Priority Area,UT14060004-003_02,140600040806,N,Starvation Reservoir - Strawberry River (medium ecological value but high social value),,,,
1/18/2024,Christine Osborne,Uinta,6A: Watershed Protection,Protection ,UT14060003-018_00,140600030101,N,Headwaters West Fork Duchesne River (headwaters for Duchesne 4),,,,
1/18/2024,Christine Osborne,Uinta,6A: Watershed Protection,Protection ,UT14060003-018_00,140600030103,N,West Fork Duchesne River (headwaters for Duchesne 4),,,,
1/18/2024,Christine Osborne,Uinta,6A: Watershed Protection,Protection ,UT14060003-019_00,140600030104,N,East Fork Duchesne River (headwaters for Duchesne 4),,,,
1/18/2024,Christine Osborne,Uinta,6A: Watershed Protection,Protection ,UT14060004-014_00,140600040101,N,Willow Creek Strawberry River Strawberry River Upper),,,,
1/18/2024,Christine Osborne,Uinta,6A: Watershed Protection,Protection ,UT14060004-013_00,140600040102,N,"Clyde Creek - Strawberry River  (Strawberry 4  DO, pH))",,,,
1/18/2024,Christine Osborne,Uinta,6A: Watershed Protection,Protection ,UT14060004-014_00,140600040102,N,Clyde Creek -Strawberry River (Strawberry River Upper),,,,
1/18/2024,Christine Osborne,Uinta,6A: Watershed Protection,Protection ,UT-L-14060004-001_00,140600040102,N,Clyde Creek - Strawberry River (Strawberry Reservoir  pH),,,,
1/18/2024,Christine Osborne,Uinta,6A: Watershed Protection,Protection ,UT14060003-020_00,140600030304,N,South Fork Rock Creek (headwaters for Duchesne 4),,,,
1/18/2024,Christine Osborne,Uinta,6A: Watershed Protection,Protection ,UT14060003-020_00,140600030305,N,Cabin Creek-Rock Creek (headwaters for Duchesne 4),,,,
1/18/2024,Christine Osborne,Uinta,6B: Watershed Protection ,Protection ,UT14060003-023_00,140600030702,N,Mill Creek -Yellowstone Creek (high social value),,,,
1/18/2024,Christine Osborne,Uinta,6B: Watershed Protection ,Protection ,UT14060003-023_00,140600030704,N,Swift Creek (high social value),,,,
1/18/2024,Christine Osborne,Uinta,6B: Watershed Protection ,Protection ,UT14060003-023_00,140600030705,N,Crystal Creek-Yellowstone River (high social value),,,,
1/18/2024,Christine Osborne,Uinta,6B: Watershed Protection ,Protection ,UT14060003-018_00,140600030101,N,Headwaters West Fork Duchesne River (headwaters for Duchesne 4),,,,
1/18/2024,Christine Osborne,Uinta,6B: Watershed Protection ,Protection ,UT14060003-018_00,140600030103,N,West Fork Duchesne River (headwaters for Duchesne 4),,,,
1/18/2024,Christine Osborne,Uinta,6B: Watershed Protection ,Protection ,UT14060003-019_00,140600030104,N,East Fork Duchesne River (headwaters for Duchesne 4),,,,
1/18/2024,Christine Osborne,Uinta,6B: Watershed Protection ,Protection ,UT14060003-020_00,140600030301,N,Fall Creek-Rock Creek (headwaters for Duchesne 4),,,,
1/18/2024,Christine Osborne,Uinta,6B: Watershed Protection ,Protection ,UT14060003-020_00,140600030303,N,West Fork Rock Creek (headwaters for Duchesne 4),,,,
1/18/2024,Christine Osborne,Uinta,6B: Watershed Protection ,Protection ,UT14060003-020_00,140600030304,N,South Fork Rock Creek (headwaters for Duchesne 4),,,,
1/18/2024,Christine Osborne,Uinta,6B: Watershed Protection ,Protection ,UT14060003-020_00,140600030305,N,Cabin Creek-Rock Creek (headwaters for Duchesne 4),,,,
1/18/2024,Christine Osborne,Uinta,6B: Watershed Protection ,Protection ,UT14060003-013_00,140600031201,N,West Fork Whiterocks River,,,,
1/18/2024,Christine Osborne,Uinta,6B: Watershed Protection ,Protection ,UT14060003-013_00,140600031202,N,East Fork Whiterocks River,,,,
1/18/2024,Christine Osborne,Uinta,6B: Watershed Protection ,Protection ,UT14060003-013_00,140600031203,N,Paradise Creek - Whiterocks River,,,,
1/18/2024,Christine Osborne,Uinta,6B: Watershed Protection ,Protection ,UT14060003-013_00,140600031204,N,Whiterocks River,,,,
1/18/2024,Christine Osborne,Uinta,6B: Watershed Protection ,Protection ,UT14060004-014_00,140600040101,N,Willow Creek - Strawberry River (Strawberry River Upper),,,,
1/18/2024,Christine Osborne,Uinta,6B: Watershed Protection ,Protection ,UT14060004-013_00,140600040102,N,"Clyde Creek - Strawberry River  (Strawberry 4  DO, pH))",,,,
1/18/2024,Christine Osborne,Uinta,6B: Watershed Protection ,Protection ,UT14060004-014_00,140600040102,N,Clyde Creek -Strawberry River (Strawberry River Upper),,,,
1/18/2024,Christine Osborne,Uinta,6B: Watershed Protection ,Protection ,UT-L-14060004-001_00,140600040102,N,Clyde Creek - Strawberry River (Strawberry Reservoir  pH),,,,
1/18/2024,Christine Osborne,Uinta,6B: Watershed Protection ,Protection ,UT14060004-013_00,140600040103,N,"Mud Creek (Strawberry 4  DO, pH) ",,,,
1/18/2024,Christine Osborne,Uinta,6B: Watershed Protection ,Protection ,UT-L-14060004-001_00,140600040103,N,Mud Creek (Strawberry Reservoir pH),,,,
1/18/2024,Christine Osborne,Uinta,6B: Watershed Protection ,Protection ,UT14060004-013_00,140600040104,N,"Indian Creek (Strawberry 4 DO, pH)",,,,
1/18/2024,Christine Osborne,Uinta,6B: Watershed Protection ,Protection ,UT-L-14060004-001_00,140600040104,N,Indian Creek (Strawberry Reservoir pH),,,,
1/18/2024,Christine Osborne,Uinta,6B: Watershed Protection ,Protection ,UT14060004-013_00,140600040105,N,"Trout Creek - Strawberry River (Strawberry 4 DO, pH )",,,,
1/18/2024,Christine Osborne,Uinta,6B: Watershed Protection ,Protection ,UT-L-14060004-001_00,140600040105,N,Trout Creek - Strawberry River (Strawberry Reservoir pH),,,,
1/18/2024,Christine Osborne,Uinta,6C: Watershed Protection,Protection ,UT14060003-023_00,140600030702,N,Mill Creek -Yellowstone Creek (high social value),,,,
1/18/2024,Christine Osborne,Uinta,6C: Watershed Protection,Protection ,UT14060003-023_00,140600030704,N,Swift Creek (high social value),,,,
1/18/2024,Christine Osborne,Uinta,6C: Watershed Protection,Protection ,UT14060003-023_00,140600030705,N,Crystal Creek-Yellowstone River (high social value),,,,
1/18/2024,Christine Osborne,Uinta,6D: Watershed Protection,Protection ,UT14060003-023_00,140600030702,N,Mill Creek -Yellowstone Creek (high social value),,,,
1/18/2024,Christine Osborne,Uinta,6D: Watershed Protection,Protection ,UT14060003-023_00,140600030704,N,Swift Creek (high social value),,,,
1/18/2024,Christine Osborne,Uinta,6D: Watershed Protection,Protection ,UT14060003-023_00,140600030705,N,Crystal Creek-Yellowstone River (high social value),,,,
1/18/2024,Christine Osborne,Uinta,6D: Watershed Protection,Watershed Plan/NPS Priority Area,UT14060004-003_02,140600040806,N,"Starvation Reservoir - Strawberry River (medium ecological value but high social value, watershed plan might be more appropriate)",,,,
3/28/2024,Christine Osborne,Uinta,7A. Agriculture and TDS,Watershed Plan/NPS Priority Area,UT14060005-002_00,140600050104,N,Upper Pleasant Valley Wash (high ag water use and TDS),,,,
3/28/2024,Christine Osborne,Uinta,7A. Agriculture and TDS,Watershed Plan/NPS Priority Area,UT14060005-002_00,140600050106,N,Lower Pleasant Valley Wash-Pariette Draw (high ag use and TDS),,,,
3/28/2024,Christine Osborne,Uinta,7A. Agriculture and TDS,Watershed Plan/NPS Priority Area,UT14060003-009_00,140600031006,N,Cobble Hollow-Dry Gulch (high ag water use and TDS),,,,
3/28/2024,Christine Osborne,Uinta,7A. Agriculture and TDS,Watershed Plan/NPS Priority Area,UT14060003-009_00,140600030908,N,Dry Gulch Creek (high ag water use and TDS),,,,
3/28/2024,Christine Osborne,Uinta,7A. Agriculture and TDS,Watershed Plan/NPS Priority Area,UT14060003-009_00,140600031005,N,Lower Montes Creek (high ag water use and TDS),,,,
3/28/2024,Christine Osborne,Uinta,7A. Agriculture and TDS,Watershed Plan/NPS Priority Area,UT14060010-002_00,140600020302,N,Steineker Reservoir  (high ag water use and TDS),,,,
3/28/2024,Christine Osborne,Uinta,7A. Agriculture and TDS,Watershed Plan/NPS Priority Area,UT14060010-002_00,140600020301,N,Coal Mine Basin-Ashley Creek  (high ag water use and TDS),,,,
3/28/2024,Christine Osborne,Uinta,7A. Agriculture and TDS,Watershed Plan/NPS Priority Area,UT14060010-002_00,140600020303,N,Ashley Creek  (high ag water use and TDS),,,,
3/28/2024,Christine Osborne,Uinta,7A. Agriculture and TDS,Watershed Plan/NPS Priority Area,UT14060010-001_00,140600020304,N,Ashley-Mantle Gulch (high ag water use and TDS),,,,
3/28/2024,Christine Osborne,Uinta,7A. Agriculture and TDS,Watershed Plan/NPS Priority Area,UT14060003-001_00,140600031505,N,Leland Bench-Duchesne River (high ag water use and TDS),,,,
3/28/2024,Christine Osborne,Uinta,7A. Agriculture and TDS,Watershed Plan/NPS Priority Area,UT14060003-002_00,140600031502,N,Lower South Myton Bench-Duchesne (high ag water use and TDS),,,,
1/19/2024,Scott Daly,Utah Lake,1A: Human Health,TMDL,UT-L-16020201-004_01,160202010900,Y,,N,,Y,Y
1/19/2024,Scott Daly,Utah Lake,1A: Human Health,Watershed Plan/NPS Priority Area,UT16020202-028_00,160202020601,N,,N,,N,Y
1/19/2024,Scott Daly,Utah Lake,1B: Human Health,TMDL,UT-L-16020201-004_01,160202010900,Y,,N,,Y,Y
1/19/2024,Scott Daly,Utah Lake,1B: Human Health,Watershed Plan/NPS Priority Area,UT16020202-028_00,160202020601,N,,N,,N,Y
1/19/2024,Scott Daly,Utah Lake,1C: Human Health,TMDL,UT-L-16020201-004_01,160202010900,Y,,N,,Y,Y
1/19/2024,Scott Daly,Utah Lake,1C: Human Health,Watershed Plan/NPS Priority Area,UT16020202-028_00,160202020601,N,,N,,N,Y
1/19/2024,Scott Daly,Utah Lake,1D: Human Health,Watershed Plan/NPS Priority Area,UT16020202-028_00,160202020601,N,,N,,N,Y
1/19/2024,Scott Daly,Utah Lake,1E: Human Health,TMDL,UT-L-16020201-004_01,160202010900,Y,,N,,Y,Y
1/19/2024,Scott Daly,Utah Lake,2A: Climate Change,,,,,None selected for UL. Sandy's part of the watershed would make more sense to focus on climate oriented scenarios,N,,,
1/19/2024,Scott Daly,Utah Lake,2B: Climate Change,,,,,None selected for UL. Sandy's part of the watershed would make more sense to focus on climate oriented scenarios,N,,,
1/19/2024,Scott Daly,Utah Lake,2C: Climate Change,Watershed Plan/NPS Priority Area,UT-L-16020201-004_01,160202010900,Y,Utah Lake and many tribs plot in the same zone indicating potenital for a \watershed-wide implmementation approach. The 2C climate scenario could be addressed in forthcoming UL watershed planning efforts.,N,,Y,Y
1/19/2024,Scott Daly,Utah Lake,2D: Climate Change,Watershed Plan/NPS Priority Area,UT-L-16020201-004_01,160202010900,Y,"UL is likely the highest priority for species of greatest conservation need in the base. However, need to consult with other lake managers (FWS, DNR, JSRIP, etc) to make this deterimination. These stakeholders are also addressing these issues through ongoing activities. Highlighting it in this process would support these efforts.",N,,Y,Y
1/19/2024,Scott Daly,Utah Lake,3A: Aquatic Life,TMDL,UT-L-16020201-004_01,160202010900,Y,,N,,Y,Y
1/19/2024,Scott Daly,Utah Lake,3A: Aquatic Life,Watershed Plan/NPS Priority Area,UT16020202-028_00,160202020601,N,,N,,N,Y
1/19/2024,Scott Daly,Utah Lake,4B: Environmental Justice,Watershed Plan/NPS Priority Area,UT16020202-028_00,160202020601,N,,N,,N,Y
1/19/2024,Scott Daly,Utah Lake,6A: Watershed Protection,Protection,UT16020203-007_00,160202030502,N,,N,,N,Unknown
1/19/2024,Scott Daly,Utah Lake,6B: Watershed Protection,Protection,UT16020203-007_00,160202030502,N,,N,,N,Unknown
1/19/2024,Scott Daly,Utah Lake,6C: Watershed Protection,Protection,UT16020203-007_00,160202030502,N,,N,,N,Unknown
1/19/2024,Scott Daly,Utah Lake,6D: Watershed Protection,Protection,UT16020203-007_00,160202030502,N,,N,,N,Unknown
1/22/2024,Sandy Wingert,Jordan River,1A: Human Health,TMDL,UT16020201-008_00,160202011002,N,TMDL bc dealing with outlet of UL,N,,Y,Y
1/22/2024,Sandy Wingert,Jordan River,1B: Human Health,TMDL,UT16020204-002_00,160202040405,Y,Associated with Phase 1 JR DO TMDL. Phase 2 might look at nutrients. ,Y,"DO, OM, E coli",Y,Y
1/22/2024,Sandy Wingert,Jordan River,1B: Human Health,TMDL,UT16020204-001_01,160202040405,Y,Associated with Phase 1 JR DO TMDL. Phase 2 might look at nutrients. ,Y,"DO, OM, E coli",Y,Y
1/22/2024,Sandy Wingert,Jordan River,1B: Human Health,NPS Priority Area,UT16020204-002_00,160202040405,Y,Associated with Phase 1 JR DO TMDL.,Y,"DO, OM, E coli",Y,Y
1/22/2024,Sandy Wingert,Jordan River,1B: Human Health,NPS Priority Area,UT16020204-001_01,160202040405,Y,Associated with Phase 1 JR DO TMDL. ,Y,"DO, OM, E coli",Y,Y
1/22/2024,Sandy Wingert,Jordan River,1B: Human Health,NPS Priority Area,UT16020204-003_00,160202040405,Y,Associated with Phase 1 JR DO TMDL. ,Y,"DO, OM, E coli",Y,Y
1/22/2024,Sandy Wingert,Jordan River,1D. Human Health,Watershed Plan/NPS Priority Area,UT16020204-029_00,160202040101,N,Implement Rose Creek E coli TMDL. ,Y,E coli,Y,"Y (2024 planning, 2024 implementation w/ Local workgroup)"
1/22/2024,Sandy Wingert,Jordan River,1D. Human Health,Protection ,UT16020204-020_00,160202040201,N,,N,,Y,Y
1/22/2024,Sandy Wingert,Jordan River,1D. Human Health,Watershed Plan/NPS Priority Area,UT16020204-012_00,160202040303,N,Implement E coli TMDL and watershed plan.,Y,E. coli,Y,Y
1/22/2024,Sandy Wingert,Jordan River,1E. Human Health ,Protection ,UT16020204-020_00,160202040201,N,Listed for metals (3A) and E coli. ,N,,Y,Y
1/22/2024,Sandy Wingert,Jordan River,1E. Human Health ,TMDL,UT16020204-023_00,160202040106,N,Bingham Creek - needs E coli TMDL - MS4 permits. Would be added to Jordan River Watershed TMDLs.,N,,Y,"Y (2024 planning, 2024 implementation w/ Local workgroup)"
1/22/2024,Sandy Wingert,Jordan River,1E. Human Health ,TMDL,UT16020204-024_02,160202040103,N,Butterfield Creek - needs E coli TMDL - MS4 permits? Would be added to Jordan River Watershed TMDLs.,N,,Y,"Y (2024 planning, 2024 implementation w/ Local workgroup)"
1/22/2024,Sandy Wingert,Jordan River,1E. Human Health ,NPS Priority Area,UT16020204-012_00,160202040303,Y - LUWDS though not mapped,Emigration Creek TMDL and draft Watershed plan - implement both,Y,E. coli,Y,Y
1/22/2024,Sandy Wingert,Jordan River,1E. Human Health ,NPS Priority Area,UT16020204-021_00,160202040204,Y,Outlet Little Cottonwood Creek - Eco score of zero. ,Y,E. coli,Y,Y
1/23/2024,Sandy Wingert,Jordan River,2A: Climate Change,NPS Priority Area,UT16020204-021_00,160202040204,Y,Lower LCC - Temp not likely impacted by downstream PS.,Y,E. coli,Y,Y
1/23/2024,Sandy Wingert,Jordan River,2A: Climate Change,Protection ,UT16020204-006_02,160202040107,N,Big Willow Creek impaired for temp.,N,,N,Unknown
1/23/2024,Sandy Wingert,Jordan River,2A: Climate Change,Protection ,UT16020204-006_03,160202040108,N,Dry Creek impaired for temp. ,N,,N,Unknown
1/23/2024,Sandy Wingert,Jordan River,2B: Climate Change,Protection,UT16020204-006_02,160202040107,N,Big Willow Creek impaired for temp.,N,,N,Unknown
1/23/2024,Sandy Wingert,Jordan River,2B: Climate Change,Protection,UT16020204-006_03,160202040108,N,Dry Creek impaired for temp. ,N,,N,Unknown
1/23/2024,Sandy Wingert,Jordan River,2B: Climate Change,NPS Priority Area,UT16020204-021_00,160202040204,Y,Lower LCC - Temp not likely impacted by downstream PS.,Y,E. coli,Y,Y
1/23/2024,Sandy Wingert,Jordan River,2C: Climate Change,Protection,UT16020204-025_00,160202040302,Y,Parleys - 1,Y,E. coli,Y,Y
1/23/2024,Sandy Wingert,Jordan River,2C: Climate Change,Protection,UT16020204-014_00,160202040302,N,Mountain Dell Creek-1,N,,Y,Y
1/23/2024,Sandy Wingert,Jordan River,2C: Climate Change,Protection,UT16020204-013_00,160202040302,N,Parleys Canyon Creek-2,Y,E. coli,Y,Y
1/23/2024,Sandy Wingert,Jordan River,2C: Climate Change,Protection,UT-L-16020204-026_00,160202040302,N,Little Dell Reservoir,N,,Y,Y
1/23/2024,Sandy Wingert,Jordan River,2C: Climate Change,Protection,UT16020204-015_00,160202040302,N,Mountain Dell Creek-2,N,,Y,Y
1/23/2024,Sandy Wingert,Jordan River,2C: Climate Change,NPS Priority Area,UT16020204-021_00,160202040204,Y,Outlet Little Cottonwood Creek,Y,E. coli,Y,Y
1/23/2024,Sandy Wingert,Jordan River,2D: Climate Change,Protection,UT16020204-020_00,160202040201,N,Big Cottonwood Creek-2,N,,Y ,Y 
1/23/2024,Sandy Wingert,Jordan River,2D: Climate Change,NPS Priority Area,UT16020204-035_00,160202040306,N,Red Butte Creek Lower,Y,E. coli,Y ,Y 
1/23/2024,Sandy Wingert,Jordan River,2D: Climate Change,NPS Priority Area,UT16020204-011_00,160202040306,N,Red Butte Creek Upper,N,,Y ,N
1/24/2024,Sandy Wingert,Jordan River,3A: Aquatic Life,Protection,UT16020204-020_00,160202040201,N,Big Cottonwood Creek-2,N,,Y ,Y 
1/24/2024,Sandy Wingert,Jordan River,3A: Aquatic Life,TMDL,UT16020204-022_00,160202040202,Y,Little Cottonwood Creek-2 - metal impairments due from mining,N,Zinc,Y,Y
1/24/2024,Sandy Wingert,Jordan River,3A: Aquatic Life,NPS Priority Area,UT16020204-035_00,160202040306,N,Red Butte Creek Lower,Y,E. coli,Y,Y
1/24/2024,Sandy Wingert,Jordan River,3A: Aquatic Life,NPS Priority Area,UT16020204-011_00,160202040306,N,Red Butte Creek Upper,N,,Y ,N
1/24/2024,Sandy Wingert,Jordan River,4B: Environmental Justice,Protection,UT16020204-020_00,160202040201,N,Big Cottonwood Creek-2,N,,Y ,Y
1/24/2024,Sandy Wingert,Jordan River,4B: Environmental Justice,TMDL,UT16020204-003_00,160202040405,Y,Jordan River-3 -- Phase 2 DO/OM TMDL - nutrients,Y,"DO, OM, E coli",Y,Y
1/24/2024,Sandy Wingert,Jordan River,4B: Environmental Justice,TMDL,UT16020204-002_00,160202040405,Y,Jordan River-2 -- Phase 2 DO/OM TMDL - nutrients,Y,"DO, OM, E coli",Y,Y
1/24/2024,Sandy Wingert,Jordan River,4B: Environmental Justice,TMDL,UT16020204-001_01,160202040405,Y,Jordan River-1 -- Phase 2 DO/OM TMDL - nutrients,Y,"DO, OM, E coli",Y,Y
1/24/2024,Sandy Wingert,Jordan River,4B: Environmental Justice,NPS Priority Area,UT16020204-035_00,160202040306,N,Red Butte Creek Lower,Y,E. coli,Y,Y
1/24/2024,Sandy Wingert,Jordan River,4B: Environmental Justice,NPS Priority Area,UT16020204-033_00,160202040306,N,Emigration Creek Lower,Y,E. coli,Y,Y
1/24/2024,Sandy Wingert,Jordan River,6A: Watershed Protection,Protection,,160202040404,Y,Crystal Creek - GSL (not too familar but ranked high - will default to Mike),N,,Y,Y
1/24/2024,Sandy Wingert,Jordan River,6A: Watershed Protection,Protection,UT16020204-020_00,160202040201,N,Big Cottonwood Creek-2,N,,Y ,Y
1/24/2024,Sandy Wingert,Jordan River,6A: Watershed Protection,NPS Priority Area,UT16020204-035_00,160202040306,N,Red Butte Creek Lower,Y,E. coli,Y,Y
1/24/2024,Sandy Wingert,Jordan River,6A: Watershed Protection,NPS Priority Area,UT16020204-011_00,160202040306,N,Red Butte Creek Upper,N,,Y ,N
1/24/2024,Sandy Wingert,Jordan River,6B: Watershed Protection,Protection,UT16020204-020_00,160202040201,N,Big Cottonwood Creek-2,N,,Y ,Y
1/24/2024,Sandy Wingert,Jordan River,6B: Watershed Protection,NPS Priority Area,UT16020204-035_00,160202040306,N,Red Butte Creek Lower,Y,E. coli,Y,Y
1/24/2024,Sandy Wingert,Jordan River,6B: Watershed Protection,NPS Priority Area,UT16020204-011_00,160202040306,N,Red Butte Creek Upper,N,,Y ,N
1/24/2024,Sandy Wingert,Jordan River,6C: Watershed Protection,Protection,UT16020204-020_00,160202040201,N,Big Cottonwood Creek-2,N,,Y ,Y
1/24/2024,Sandy Wingert,Jordan River,6C: Watershed Protection,NPS Priority Area,UT16020204-009_00,160202040304,N,City Creek-1,Y,E. coli,Y,Y
1/24/2024,Sandy Wingert,Jordan River,6C: Watershed Protection,NPS Priority Area,UT16020204-010_00,160202040304,N,City Creek-2,N,,Y,N
1/24/2024,Sandy Wingert,Jordan River,6D: Watershed Protection,Protection,UT16020204-020_00,160202040201,N,Big Cottonwood Creek-2,N,,Y ,Y
1/24/2024,Sandy Wingert,Jordan River,6D: Watershed Protection,NPS Priority Area,UT16020204-035_00,160202040306,N,Red Butte Creek Lower,Y,E. coli,Y,Y
1/24/2024,Sandy Wingert,Jordan River,6D: Watershed Protection,NPS Priority Area,UT16020204-011_00,160202040306,N,Red Butte Creek Upper,N,,Y ,N
1/24/2024,Sandy Wingert,Jordan River,6D: Watershed Protection,NPS Priority Area,UT16020204-033_00,160202040306,N,Emigration Creek Lower,Y,E. coli,Y,Y
1/24/2024,Sandy Wingert,Provo River,1A: Human Health,NPS Priority Area,UT16020203-002_00,160202030504,N,Provo R-2,N,,Y,Y
1/24/2024,Sandy Wingert,Provo River,1B: Human Health,NPS Priority Area,UT16020203-002_00,160202030504,N,Provo R-2,N,,Y,Y
1/25/2024,Sandy Wingert,Provo River,1D. Human Health,TMDL,UT16020203-014_00,160202030305,Y,Snake -1 ,N,,Y,Y
1/25/2024,Sandy Wingert,Provo River,1D. Human Health,TMDL,UT16020203-015_00,160202030305,N,Snake-2,N,,Y,Y
1/25/2024,Sandy Wingert,Provo River,1D. Human Health,NPS Priority Area,UT16020203-027_00,160202030306,N,Spring Creek Heber - implement TMDL and watershed plan,Y,E. coli,Y,Y
1/25/2024,Sandy Wingert,Provo River,1E. Human Health ,NPS Priority Area,UT-L-16020203-001_00,160202030405,N,Deer Creek Reservoir-Provo River - implement TMDL,Y,"DO, P",Y,Y
1/25/2024,Sandy Wingert,Provo River,1E. Human Health ,NPS Priority Area,UT16020203-027_00,160202030306,N,Spring Creek Heber - implement TMDL and watershed plan - part of DCR TMDL as well,Y,"E. coli, P",Y,Y
1/25/2024,Sandy Wingert,Provo River,1E. Human Health ,NPS Priority Area,UT16020203-009_00,160202030404,N,Lower Main - implement DCR TMDL,Y,"DO, P",Y,Y
1/25/2024,Sandy Wingert,Provo River,1E. Human Health ,Protection,UT16020203-006_03,160202030102,N,Upper PR,N,,Y,Y
1/25/2024,Sandy Wingert,Provo River,1E. Human Health ,Protection,UT16020203-006_02,160202030103,N,Upper PR,N,,Y,Y
1/25/2024,Sandy Wingert,Provo River,1E. Human Health ,Protection,UT16020203-006_02,160202030105,N,Upper PR,N,,Y,Y
1/25/2024,Sandy Wingert,Provo River,1E. Human Health ,Protection,UT16020203-006_01,160202030202,N,Upper PR,N,,Y,Y
1/25/2024,Sandy Wingert,Provo River,2A: Climate Change,NPS Priority Area,UT16020203-009_00,160202030404,N,Lower Main Ck - part of DCR TMDL,Y,"DO, P",Y,Y
1/25/2024,Sandy Wingert,Provo River,2B: Climate Change,NPS Priority Area,UT-L-16020203-001_00,160202030405,N,Deer Creek Reservoir-Provo River - implement TMDL,Y,"DO, P",Y,Y
1/25/2024,Sandy Wingert,Provo River,2B: Climate Change,NPS Priority Area,UT16020203-009_00,160202030404,N,Lower Main - implement DCR TMDL,Y,"DO, P",Y,Y
1/25/2024,Sandy Wingert,Provo River,2C: Climate Change,TMDL,UT16020203-014_00,160202030305,Y,Lower Snake Ck,N,,Y,Y
1/25/2024,Sandy Wingert,Provo River,2C: Climate Change,TMDL,UT16020203-015_00,160202030305,N,Upper Snake Cr,N,,Y,Y
1/25/2024,Sandy Wingert,Provo River,2D: Climate Change,Protection,UT16020203-006_02,160202030105,N,Provo R-2,N,,Y,Y
1/25/2024,Sandy Wingert,Provo River,2D: Climate Change,NPS Priority Area,UT-L-16020203-001_00,160202030405,N,Deer Creek Reservoir-Provo River - implement TMDL,Y,"DO, P",Y,Y
1/25/2024,Sandy Wingert,Provo River,2D: Climate Change,NPS Priority Area,UT16020203-009_00,160202030404,N,Lower Main Ck - part of DCR TMDL,Y,"DO, P",Y,Y
1/25/2024,Sandy Wingert,Provo River,2D: Climate Change,TMDL,UT16020203-014_00,160202030305,Y,Lower Snake Ck - part of DCR TMDL,Y,"DO, P",Y,Y
1/25/2024,Sandy Wingert,Provo River,2D: Climate Change,NPS Priority Area,UT16020203-027_00,160202030306,N,Spring Creek Heber - implement TMDL and watershed plan - part of DCR TMDL as well,Y,"E. coli, P",Y,Y
1/25/2024,Sandy Wingert,Provo River,3A: Aquatic Life,Protection,UT16020203-006_02,160202030103,N,North Fk Provo R,N,,Y,Y
1/25/2024,Sandy Wingert,Provo River,3A: Aquatic Life,Protection,UT16020203-006_02,160202030105,N,Shingles Provo R,N,,Y,Y
1/25/2024,Sandy Wingert,Provo River,3A: Aquatic Life,Protection,UT16020203-006_03,160202030101,N,Soapstone Provo R,N,,Y,Y
1/25/2024,Sandy Wingert,Provo River,3A: Aquatic Life,Protection,UT16020203-006_03,160202030102,N,Spring Cyn Provo R,N,,Y,Y
1/25/2024,Sandy Wingert,Provo River,3A: Aquatic Life,TMDL,UT16020203-014_00,160202030305,Y,Lower Snake Ck - part of DCR TMDL,Y,"DO, P",Y,Y
1/25/2024,Sandy Wingert,Provo River,3A: Aquatic Life,TMDL,UT16020203-015_00,160202030305,N,Upper Snake Ck,N,,Y,Y
1/25/2024,Sandy Wingert,Provo River,3A: Aquatic Life,NPS Priority Area,UT-L-16020203-001_00,160202030405,N,Deer Creek Reservoir & surrounding tribs,Y,"DO, P",Y,Y
1/25/2024,Sandy Wingert,Provo River,4B: Environmental Justice,Protection,UT16020203-006_02,160202030103,N,Upper PR - drinking water,N,,Y,Y
1/25/2024,Sandy Wingert,Provo River,4B: Environmental Justice,Protection,UT16020203-006_02,160202030105,N,Upper PR - drinking water,N,,Y,Y
1/25/2024,Sandy Wingert,Provo River,4B: Environmental Justice,Protection,UT16020203-006_03,160202030101,N,Upper PR - drinking water,N,,Y,Y
1/25/2024,Sandy Wingert,Provo River,4B: Environmental Justice,Protection,UT16020203-006_03,160202030102,N,Upper PR - drinking water,N,,Y,Y
1/25/2024,Sandy Wingert,Provo River,4B: Environmental Justice,Protection,UT16020203-005_00,160202030204,N,Upper PR - drinking water,N,,Y,Y
1/25/2024,Sandy Wingert,Provo River,4B: Environmental Justice,TMDL,UT16020203-014_00,160202030305,Y,Lower Snake Ck - part of DCR TMDL,N,,Y,Y
1/25/2024,Sandy Wingert,Provo River,4B: Environmental Justice,TMDL,UT16020203-015_00,160202030305,N,Upper Snake Ck,N,,Y,Y
1/25/2024,Sandy Wingert,Provo River,4B: Environmental Justice,NPS Priority Area,UT-L-16020203-001_00,160202030405,N,Deer Creek Reservoir & surrounding tribs,Y,"DO, P",Y,Y
1/25/2024,Sandy Wingert,Provo River,6A: Watershed Protection,Protection,UT16020203-006_03,160202030102,N,Upper PR,N,,Y,Y
1/25/2024,Sandy Wingert,Provo River,6A: Watershed Protection,Protection,UT16020203-018_00,160202030104,N,Upper PR,N,,Y,Y
1/25/2024,Sandy Wingert,Provo River,6A: Watershed Protection,Protection,UT16020203-006_01,160202030202,N,Upper PR,N,,Y,Y
1/25/2024,Sandy Wingert,Provo River,6A: Watershed Protection,Protection,UT16020203-005_00,160202030203,N,Upper PR,N,,Y,Y
1/25/2024,Sandy Wingert,Provo River,6A: Watershed Protection,Protection,UT16020203-005_00,160202030204,N,Upper PR,N,,Y,Y
1/25/2024,Sandy Wingert,Provo River,6A: Watershed Protection,Protection,UT16020203-017_00,160202030201,N,Upper PR,N,,Y,Y
1/25/2024,Sandy Wingert,Provo River,6A: Watershed Protection,NPS Priority Area,UT16020203-027_00,160202030306,N,Spring Creek Heber - implement TMDL and watershed plan - part of DCR TMDL as well,Y,"E. coli, P",Y,Y
1/25/2024,Sandy Wingert,Provo River,6B: Watershed Protection,Protection,UT16020203-007_00,160202030502,N,Big Spring Hollow-South Fork Provo River,N,,Y,N
1/25/2024,Sandy Wingert,Provo River,6B: Watershed Protection,Protection,UT16020203-008_00,160202030503,N,North Fork Provo River,N,,Y,N
1/25/2024,Sandy Wingert,Provo River,6B: Watershed Protection,Protection,UT16020203-003_00,160202030503,N,Provo River-3,N,,Y,Y
1/25/2024,Sandy Wingert,Provo River,6B: Watershed Protection,Protection,UT16020203-025_00,160202030503,N,Provo Canyon,N,,Y,Y
1/25/2024,Sandy Wingert,Provo River,6B: Watershed Protection,NPS Priority Area,UT16020203-002_00,UT16020203-025_00,N,Provo River-2,N,,Y,Y
1/25/2024,Sandy Wingert,Provo River,6C: Watershed Protection,Protection,UT16020203-007_00,160202030502,N,Big Spring Hollow-South Fork Provo River,,,,
1/25/2024,Sandy Wingert,Provo River,6C: Watershed Protection,Protection,UT16020203-008_00,160202030503,N,North Fork Provo River-Provo River,,,,
1/25/2024,Sandy Wingert,Provo River,6C: Watershed Protection,Protection,UT16020203-003_00,160202030503,N,Provo River-3,,,,
1/25/2024,Sandy Wingert,Provo River,6C: Watershed Protection,Protection,UT16020203-025_00,160202030503,N,Provo Canyon,,,,
1/25/2024,Sandy Wingert,Provo River,6C: Watershed Protection,TMDL,UT16020203-014_00,160202030305,Y,Lower Snake Ck - part of DCR TMDL,,,,
1/25/2024,Sandy Wingert,Provo River,6C: Watershed Protection,TMDL,UT16020203-015_00,160202030305,N,Upper Snake Ck,,,,
1/25/2024,Sandy Wingert,Provo River,6C: Watershed Protection,NPS Priority Area,UT-L-16020203-001_00,160202030405,N,Deer Creek Reservoir & surrounding tribs,Y,"DO, P",Y,Y
1/25/2024,Sandy Wingert,Provo River,6D: Watershed Protection,Protection,UT16020203-007_00,160202030502,N,Big Spring Hollow-South Fork Provo River,,,,
1/25/2024,Sandy Wingert,Provo River,6D: Watershed Protection,Protection,UT16020203-008_00,160202030503,N,North Fork Provo River-Provo River,,,,
1/25/2024,Sandy Wingert,Provo River,6D: Watershed Protection,NPS Priority Area,UT-L-16020203-001_00,160202030405,N,Deer Creek Reservoir & surrounding tribs,Y,"DO, P",Y,Y
1/25/2024,Sandy Wingert,Provo River,6D: Watershed Protection,NPS Priority Area,UT16020203-026_00,160202030302,N,Heber Valley,N,,Y,Y
1/25/2024,Sandy Wingert,Provo River,6D: Watershed Protection,NPS Priority Area,UT16020203-019_00,160202030302,N,Upper Lake Creek,N,,Y,Y
3/25/2024,Mike Allred,Bear River,7A. Agriculture and TDS,Watershed Plan/NPS Priority Area,UT16010204-002_00,160102040503,Y,Bear River Lower-East,Y,TP,Y,N
3/25/2024,Sandy Wingert,Jordan River,7A. Agriculture and TDS,NPS Priority Area,UT16020204-029_00,160202040101,N,Rose Creek,Y,E coli,Y,Y
3/25/2024,Sandy Wingert,Jordan River,7A. Agriculture and TDS,NPS Priority Area,UT16020204-024_01,160202040104,N,Midas Creek - Not priority yet but will be after Rose,Y,E coli,Y,N
3/25/2024,Sandy Wingert,Jordan River,7A. Agriculture and TDS,NPS Priority Area,UT16020204-023_00,160202040106,N,Bingham Creek - Not priorty yet but will be after Rose; include TMDL next,N,,Y,N
3/25/2024,Sandy Wingert,Jordan River,7A. Agriculture and TDS,NPS Priority Area,UT16020204-024_02,160202040103,N,Butterfield Creek - Not priority yet but will be after Rose; include TMDL next,N,,Y,N
4/23/2004,Amy Dickey,W Colorado River,7A. Agriculture and TDS,NPS Priority Area,UT14060009-011_00,140600090209,N,Cottonwood Creek. Included in West Colorado TDS TMDL,Y,TDS,,
4/23/2024,Amy Dickey,W Colorado River,7A. Agriculture and TDS,NPS Priority Area,UT14060009-011_00,140600090208,Y,Cottonwood Creek. Included in West Colorado TDS TMDL,Y,TDS,,
4/23/2024,Amy Dickey,W Colorado River,7A. Agriculture and TDS,NPS Priority Area,UT14060007-007_00,140600070807,Y,Price River. Included in the West Colorado TMDL,Y,TDS,,
4/23/2024,Amy Dickey,Kanab/Virgin,7A. Agriculture and TDS,NPS Priority Area,UT15010008-004_00,150100080910,Y,Virgin River 2. ,Y,TDS,,
4/23/2024,Amy Dickey,Kanab/Virgin,7A. Agriculture and TDS,NPS Priority Area,UT15010008-004_00,150100080902,Y,Virgin River 2. ,Y,TDS,,
4/23/2024,Amy Dickey,W Colorado River,7A. Agriculture and TDS,NPS Priority Area,UT14070002-002_00,140700020106,Y,Quitchupah Creek Upper,Y,TDS,,